date,tradition,title,epistle,gospel,matins,vespers,other
2024-01-01,greek,Monday of the 31st week after Pentecost,2 Timothy 4.5-8 ~ Sunday before Theophany || Colossians 2.8-12 ~ Circumcision || Hebrews 7.26-8.2 ~ St Basil,"Mark 1.1-8 ~ Sunday before Theophany || Luke 2.20-21, 40-52 ~ Circumcision || Luke 6.17-23 ~ St Basil",John 10.9-16,"Composite 1 - Genesis 17.1-2, 4, 5-7, 8, 9-10, 11-12, 14 || Proverbs 8.22-30 || Proverbs 10.31-11.12",
2024-01-01,slavic,Monday of the 31st week after Pentecost,"Hebrews 11.17-23, 27-31",Mark 9.42-10.1,,,
2024-01-02,greek,Tuesday of the 31st week after Pentecost,"Hebrews 12.25-26, 13.22-25 || Galatians 5.22-6.2 ~ St Seraphim || Hebrews 5.4-10 ~ Forefeast of Theophany",Luke 14.25-35 || Luke 6.17-23 ~ St Seraphim || John 3.1-15 ~ Forefeast of Theophany,Matthew 11.27-30,Wisdom of Solomon 3.1-9 || Wisdom of Solomon 5.15-6.3 || Wisdom of Solomon 4.7-15,
2024-01-02,slavic,Tuesday of the 31st week after Pentecost,"Hebrews 12.25-26, 13.22-25",Mark 10.2-12,,,
2024-01-03,greek,Wednesday of the 31st week after Pentecost,James 1.1-18,Luke 15.1-10,,,
2024-01-03,slavic,Wednesday of the 31st week after Pentecost,James 1.1-18,Mark 10.11-16,,,
2024-01-04,greek,Thursday of the 31st week after Pentecost,James 1.19-27 || 1 Corinthians 4.9-16 ~ Forefeast of Theophany,Luke 16.1-9 || John 1.18-28 ~ Forefeast of Theophany,,,
2024-01-04,slavic,Thursday of the 31st week after Pentecost,James 1.19-27,Mark 10.17-27,,,
2024-01-05,greek,Friday of the 31st week after Pentecost,1 Corinthians 9.19-27 ~ Eve of Theophany,Luke 3.1-18 ~ Eve of Theophany,,"Genesis 1.1-13 || Exodus 14.15-18, 21-23, 27-29 || Exodus 15.22-16.1 || Joshua 3.7-8, 15-17 || 4[2] Kings 2.6-14 || 4[2] Kings 5.9-14 || Isaiah 1.16-20 || Genesis 32.1-10 || Exodus 2.5-10 || Judges 6.36-40 || 3[1] Kings 18.30-39 || 4[2] Kings 2.19-22 || Isaiah 49.8-15","1st Hour, Prophecy :: Isaiah 35.1-10 || 1st Hour, Epistle :: Acts 13.25-33 || 1st Hour, Gospel :: Matthew 3.1-11 || 3rd Hour, Prophecy :: Isaiah 1.16-20 || 3rd Hour, Epistle :: Acts 19.1-8 || 3rd Hour, Gospel :: Mark 1.1-8 || 6th Hour, Prophecy :: Isaiah 12.3-6 || 6th Hour, Epistle :: Romans 6.3-11 || 6th Hour, Gospel :: Mark 1.9-15 || 9th Hour, Prophecy :: Isaiah 49.8-15 || 9th Hour, Epistle :: Titus 2.11-14, 3.4-7 || 9th Hour, Gospel :: Matthew 3.13-17 || Great Blessing of Waters :: Isaiah 35.1-10 || Great Blessing of Waters :: Isaiah 55.1-13 || Great Blessing of Waters :: Isaiah 12.3-6 || Great Blessing of Waters :: 1 Corinthians 10.1-4 ~ Epistle || Great Blessing of Waters :: Mark 1.9-11 ~ Gospel"
2024-01-05,slavic,Friday of the 31st week after Pentecost,James 2.1-13,Mark 10.23-32,,,"1st Hour, Prophecy :: Micah 5.2-4 || 1st Hour, Epistle :: Hebrews 1.1-12 || 1st Hour, Gospel :: Matthew 1.18-25 || 3rd Hour, Prophecy :: Jeremiah (Baruch 3.35-4.4) || 3rd Hour, Epistle :: Galatians 3.23-29 || 3rd Hour, Gospel :: Luke 2.1-20 || 6th Hour, Prophecy :: Isaiah 7.10-16; 8.1-4, 9-10 || 6th Hour, Epistle :: Hebrews 1.10-2.3 || 6th Hour, Gospel :: Matthew 2.1-12 || 9th Hour, Prophecy :: Isaiah 9.6-7 || 9th Hour, Epistle :: Hebrews 2.11-18 || 9th Hour, Gospel :: Matthew 2.13-23"
2024-01-06,greek,Saturday of the 31st week after Pentecost,"Titus 2.11-14, 3.4-7 ~ Theophany",Matthew 3.13-17 ~ Theophany,Mark 1.9-11,,Great Blessing of Waters :: Isaiah 35.1-10 || Great Blessing of Waters :: Isaiah 55.1-13 || Great Blessing of Waters :: Isaiah 12.3-6 || Great Blessing of Waters :: 1 Corinthians 10.1-4 ~ Epistle || Great Blessing of Waters :: Mark 1.9-11 ~ Gospel
2024-01-06,slavic,Saturday of the 31st week after Pentecost,Galatians 3.8-12 ~ Saturday before Nativity || Galatians 3.15-22 ~ at Vespers,Luke 13.18-29 ~ Saturday before Nativity || Luke 2.1-20 ~ at Vespers,,"Genesis 1.1-13 || Numbers 24.2-3, 5-9, 17-18 || Micah 4.6-7; 5.2-4 || Isaiah 11.1-10 || Jeremiah (Baruch 3.35-4.4) || Daniel 2.31-36, 44-45 || Isaiah 9.6-7 || Isaiah 7.10-16; 8.1-4, 9-10",
2024-01-07,greek,31st Sunday after Pentecost,Ephesians 4.7-13 ~ Sunday after Theophany || Acts 19.1-8 ~ Forerunner,Matthew 4.12-17 ~ Sunday after Theophany || John 1.29-34 ~ Forerunner,9th Matins Gospel :: John 20.19-31,,
2024-01-07,slavic,31st Sunday after Pentecost,Galatians 4.4-7 ~ Nativity,Matthew 2.1-12 ~ Nativity,Matthew 1.18-25,,
2024-01-08,greek,Monday of the 32nd week after Pentecost,James 2.14-26 || Romans 6.3-11 ~ Afterfeast of Theophany,Luke 17.20-25 || John 3.22-33 ~ Afterfeast of Theophany,,,
2024-01-08,slavic,Monday of the 32nd week after Pentecost,Galatians 1.11-19 ~ Sunday after Nativity || Hebrews 2.11-18 ~ Theotokos,Matthew 2.13-23 ~ Sunday after Nativity and Theotokos || Matthew 2.13-23 ~ Theotokos,,,
2024-01-09,greek,Tuesday of the 32nd week after Pentecost,James 3.1-10 || 2 Timothy 2.1-10 ~ Afterfeast of Theophany,Luke 17.26-37; 18.8 || Mark 1.9-15 ~ Afterfeast of Theophany,,,
2024-01-09,slavic,Tuesday of the 32nd week after Pentecost,"James 3.1-10 || Acts 6.8-7.5, 47-60 ~ St Stephen",Mark 11.11-23 || Matthew 21.33-42 ~ St Stephen,,,
2024-01-10,greek,Wednesday of the 32nd week after Pentecost,James 3.11-4.6 || Ephesians 4.7-13 ~ Afterfeast of Theophany,"Luke 18.15-17, 26-30 || Luke 3.19-22 ~ Afterfeast of Theophany",,,
2024-01-10,slavic,Wednesday of the 32nd week after Pentecost,James 3.11-4.6,Mark 11.22-26,,,
2024-01-11,greek,Thursday of the 32nd week after Pentecost,James 4.7-5.9 || 2 Corinthians 4.6-15 ~ St Theodosius || Hebrews 13.7-16 ~ Afterfeast of Theophany,Luke 18.31-34 || Matthew 11.27-30 ~ St Theodosius || Luke 4.1-15 ~ Afterfeast of Theophany,Luke 6.17-23,Wisdom of Solomon 3.1-9 || Wisdom of Solomon 5.15-6.3 || Wisdom of Solomon 4.7-15,
2024-01-11,slavic,Thursday of the 32nd week after Pentecost,James 4.7-5.9,Mark 11.27-33,,,
2024-01-12,greek,Friday of the 32nd week after Pentecost,"1 Peter 1.1-2, 10-12, 2.6-10 || Acts 18.22-28 ~ Afterfeast of Theophany",Luke 19.12-28 || John 10.39-42 ~ Afterfeast of Theophany,,,
2024-01-12,slavic,Friday of the 32nd week after Pentecost,"1 Peter 1.1-2, 10-12, 2.6-10",Mark 12.1-12,,,
2024-01-13,greek,Saturday of the 32nd week after Pentecost,Ephesians 6.10-17 ~ Saturday after Theophany || 1 Thessalonians 5.14-23 || Galatians 3.23-4.5 ~ Afterfeast of Theophany,Matthew 4.1-11 ~ Saturday after Theophany || Luke 10.16-21 || Luke 20.1-8 ~ Afterfeast of Theophany,,,
2024-01-13,slavic,Saturday of the 32nd week after Pentecost,1 Timothy 6.11-16 ~ Saturday after Nativity || 1 Timothy 3.14-4.5 ~ Saturday before Theophany || 1 Thessalonians 5.14-23,Matthew 12.15-21 ~ Saturday after Nativity || Matthew 3.1-11 ~ Saturday before Theophany || Luke 17.3-10,,,
2024-01-14,greek,32nd Sunday after Pentecost,Ephesians 4.7-13 ~ Sunday after Theophany,Matthew 4.12-17 ~ Sunday after Theophany,10th Matins Gospel :: John 21.1-14,,
2024-01-14,slavic,32nd Sunday after Pentecost,2 Timothy 4.5-8 ~ Sunday before Theophany || Colossians 2.8-12 ~ Circumcision || Hebrews 7.26-8.2 ~ St Basil,"Mark 1.1-8 ~ Sunday before Theophany || Luke 2.20-21, 40-52 ~ Circumcision || Luke 6.17-23 ~ St Basil",10th Matins Gospel :: John 21.1-14,"Composite 1 - Genesis 17.1-2, 4, 5-7, 8, 9-10, 11-12, 14 || Proverbs 8.22-30 || Proverbs 10.31-11.12",
2024-01-15,greek,Monday of the 33rd week after Pentecost,2 Timothy 2.20-26 || Galatians 5.22-6.2 ~ John the Hut-Dweller,Luke 19.37-44 || Luke 12.32-40 ~ John the Hut-Dweller,,,
2024-01-15,slavic,Monday of the 33rd week after Pentecost,2 Timothy 2.20-26 || Galatians 5.22-6.2 ~ St Seraphim,Luke 19.37-44 || Luke 6.17-23 ~ St Seraphim,Matthew 11.27-30,Wisdom of Solomon 3.1-9 || Wisdom of Solomon 5.15-6.3 || Wisdom of Solomon 4.7-15,
2024-01-16,greek,Tuesday of the 33rd week after Pentecost,2 Timothy 3.16-4.4 || Acts 12.1-11 ~ Peter's Chains,Luke 19.45-48 || John 21.14-25 ~ Peter's Chains,,,
2024-01-16,slavic,Tuesday of the 33rd week after Pentecost,2 Timothy 3.16-4.4,Luke 19.45-48,,,
2024-01-17,greek,Wednesday of the 33rd week after Pentecost,2 Timothy 4.9-22 || Hebrews 13.17-21 ~ St Anthony,Luke 20.1-8 || Luke 6.17-23 ~ St Anthony,Matthew 11.27-30,Wisdom of Solomon 5.15-6.3 || Wisdom of Solomon 3.1-9 || Wisdom of Solomon 4.7-15,
2024-01-17,slavic,Wednesday of the 33rd week after Pentecost,2 Timothy 4.9-22,Luke 20.1-8,,,
2024-01-18,greek,Thursday of the 33rd week after Pentecost,Titus 1.5-2.1 || Hebrews 13.7-16 ~ Athanasius & Cyril,Luke 20.9-18 || Matthew 5.14-19 ~ Athanasius & Cyril,,,
2024-01-18,slavic,Thursday of the 33rd week after Pentecost,1 Corinthians 9.19-27 ~ Eve of Theophany,Luke 3.1-18 ~ Eve of Theophany,,"Genesis 1.1-13 || Exodus 14.15-18, 21-23, 27-29 || Exodus 15.22-16.1 || Joshua 3.7-8, 15-17 || 4[2] Kings 2.6-14 || 4[2] Kings 5.9-14 || Isaiah 1.16-20 || Genesis 32.1-10 || Exodus 2.5-10 || Judges 6.36-40 || 3[1] Kings 18.30-39 || 4[2] Kings 2.19-22 || Isaiah 49.8-15","1st Hour, Prophecy :: Isaiah 35.1-10 || 1st Hour, Epistle :: Acts 13.25-33 || 1st Hour, Gospel :: Matthew 3.1-11 || 3rd Hour, Prophecy :: Isaiah 1.16-20 || 3rd Hour, Epistle :: Acts 19.1-8 || 3rd Hour, Gospel :: Mark 1.1-8 || 6th Hour, Prophecy :: Isaiah 12.3-6 || 6th Hour, Epistle :: Romans 6.3-11 || 6th Hour, Gospel :: Mark 1.9-15 || 9th Hour, Prophecy :: Isaiah 49.8-15 || 9th Hour, Epistle :: Titus 2.11-14, 3.4-7 || 9th Hour, Gospel :: Matthew 3.13-17 || Great Blessing of Waters :: Isaiah 35.1-10 || Great Blessing of Waters :: Isaiah 55.1-13 || Great Blessing of Waters :: Isaiah 12.3-6 || Great Blessing of Waters :: 1 Corinthians 10.1-4 ~ Epistle || Great Blessing of Waters :: Mark 1.9-11 ~ Gospel"
2024-01-19,greek,Friday of the 33rd week after Pentecost,Titus 1.15-2.10 || Galatians 5.22-6.2 ~ Macarius the Great,Luke 20.19-26,,,
2024-01-19,slavic,Friday of the 33rd week after Pentecost,"Titus 2.11-14, 3.4-7 ~ Theophany",Matthew 3.13-17 ~ Theophany,Mark 1.9-11,,Great Blessing of Waters :: Isaiah 35.1-10 || Great Blessing of Waters :: Isaiah 55.1-13 || Great Blessing of Waters :: Isaiah 12.3-6 || Great Blessing of Waters :: 1 Corinthians 10.1-4 ~ Epistle || Great Blessing of Waters :: Mark 1.9-11 ~ Gospel
2024-01-20,greek,Saturday of the 33rd week after Pentecost,Ephesians 1.16-23 || 2 Corinthians 4.6-15 ~ St. Euthymius,Luke 12.32-40 || Luke 6.17-23 ~ St Euthymius,Matthew 11.27-30,Wisdom of Solomon 5.15-6.3 || Wisdom of Solomon 3.1-9 || Wisdom of Solomon 4.7-15,
2024-01-20,slavic,Saturday of the 33rd week after Pentecost,Ephesians 6.10-17 ~ Saturday after Theophany || Acts 19.1-8 ~ Forerunner,Matthew 4.1-11 ~ Saturday after Theophany || John 1.29-34 ~ Forerunner,,,
2024-01-21,greek,33rd Sunday after Pentecost,Colossians 3.4-11 || Philippians 1.12-20 ~ St. Maximus,Luke 17.12-19 || Luke 12.8-12 ~ St. Maximus,11th Matins Gospel :: John 21.15-25,,
2024-01-21,slavic,33rd Sunday after Pentecost,Ephesians 4.7-13 ~ Sunday after Theophany,Matthew 4.12-17 ~ Sunday after Theophany,11th Matins Gospel :: John 21.15-25,,
2024-01-22,greek,Monday of the 34th week after Pentecost,"Hebrews 3.5-11, 17-19 || 2 Timothy 1.3-8 ~ St. Timothy","Luke 20.27-44 || Matthew 10.32-33, 37-38, 19.27-30 ~ St. Timothy",,,
2024-01-22,slavic,Monday of the 34th week after Pentecost,"Hebrews 3.5-11, 17-19",Luke 20.27-44,,,
2024-01-23,greek,Tuesday of the 34th week after Pentecost,Hebrews 4.1-13 || Philippians 3.20-4.3 ~ St. Clement,Luke 21.12-19 || Mark 2.23-3.5 ~ St. Clement,,,
2024-01-23,slavic,Tuesday of the 34th week after Pentecost,Hebrews 4.1-13,Luke 21.12-19,,,
2024-01-24,greek,Wednesday of the 34th week after Pentecost,Hebrews 5.11-6.8 || Galatians 5.22-6.2 ~ Xenia of Rome,"Luke 21.5-8, 10-11, 20-24",,,
2024-01-24,slavic,Wednesday of the 34th week after Pentecost,Hebrews 5.11-6.8 || 2 Corinthians 4.6-15 ~ St Theodosius,"Luke 21.5-7, 10-11, 20-24 || Matthew 11.27-30 ~ St Theodosius",Luke 6.17-23,Wisdom of Solomon 3.1-9 || Wisdom of Solomon 5.15-6.3 || Wisdom of Solomon 4.7-15,
2024-01-25,greek,Thursday of the 34th week after Pentecost,Hebrews 7.1-6 || Hebrews 7.26-8.2 ~ St. Gregory,Luke 21.28-33 || John 10.9-16 ~ St Gregory,John 10.1-9,"Composite 2 - Proverbs 10, 3, 8 || Composite 4 - Proverbs 10; Wisdom of Solomon 6, 7, 8, 9 || Wisdom of Solomon 4.7-15",
2024-01-25,slavic,Thursday of the 34th week after Pentecost,Hebrews 7.1-6,Luke 21.28-33,,,
2024-01-26,greek,Friday of the 34th week after Pentecost,Hebrews 7.18-25,Luke 21.37-22.8,,,
2024-01-26,slavic,Friday of the 34th week after Pentecost,Hebrews 7.18-25,Luke 21.37-22.8,,,
2024-01-27,greek,Saturday of the 34th week after Pentecost,Ephesians 2.11-13 || Hebrews 7.26-8.2 ~ St John,Luke 13.18-29 || John 10.9-16 ~ St John,John 10.1-9,"Composite 2 - Proverbs 10, 3, 8 || Composite 4 - Proverbs 10; Wisdom of Solomon 6, 7, 8, 9 || Composite 5 - Wisdom of Solomon 4, 6, 7, 2",
2024-01-27,slavic,Saturday of the 34th week after Pentecost,Ephesians 2.11-13,Luke 13.18-29,,,
2024-01-28,greek,34th Sunday after Pentecost,1 Timothy 1.15-17 || Galatians 5.22-6.2 ~ St. Ephraim,Luke 18.35-43 || Luke 6.17-23 ~ St. Ephraim,1st Matins Gospel :: Matthew 28.16-20,,
2024-01-28,slavic,34th Sunday after Pentecost,Colossians 3.4-11,Luke 18.18-27,1st Matins Gospel :: Matthew 28.16-20,,
2024-01-29,greek,Monday of the 35th week after Pentecost,Hebrews 8.7-13 || Hebrews 10.32-38 ~ Ignatius' Relics,Mark 8.11-21 || Mark 9.33-41 ~ Ignatius' Relics,,,
2024-01-29,slavic,Monday of the 35th week after Pentecost,Hebrews 8.7-13,Mark 8.11-21,,,
2024-01-30,greek,Tuesday of the 35th week after Pentecost,"Hebrews 9.8-10, 15-23 || Hebrews 13.7-16 ~ Hierarchs",Mark 8.22-26 || Matthew 5.14-19 ~ Hierarchs,John 10.9-16,"Deuteronomy 1.8-11, 15-17 || Deuteronomy 10.14-21 || Wisdom of Solomon 3.1-9",
2024-01-30,slavic,Tuesday of the 35th week after Pentecost,"Hebrews 9.8-10, 15-23 || Hebrews 13.17-21 ~ St Anthony",Mark 8.22-26 || Luke 6.17-23 ~ St Anthony,Matthew 11.27-30,Wisdom of Solomon 5.15-6.3 || Wisdom of Solomon 3.1-9 || Wisdom of Solomon 4.7-15,
2024-01-31,greek,Wednesday of the 35th week after Pentecost,Hebrews 10.1-18 || 1 Corinthians 12.27-13.8 ~ Cyrus & John,"Mark 8.30-34 || Matthew 10.1, 5-8 ~ Cyrus & John",,,
2024-01-31,slavic,Wednesday of the 35th week after Pentecost,Hebrews 10.1-18,Mark 8.30-34,,,
2024-02-01,greek,Thursday of the 35th week after Pentecost,Hebrews 10.35-11.7 || Romans 8.28-39 ~ St. Trypho,Mark 9.10-15 || Luke 10.19-21 ~ St. Trypho,,,
2024-02-01,slavic,Thursday of the 35th week after Pentecost,Hebrews 10.35-11.7,Mark 9.10-16,,,
2024-02-02,greek,Friday of the 35th week after Pentecost,"Hebrews 7.7-17 ~ Meeting || Hebrews 11.8, 11-16",Luke 2.22-40 ~ Meeting || Mark 9.33-41,Luke 2.25-32,"Composite 6 - Exodus 12, 13; Numbers 8; Leviticus 12 || Isaiah 6.1-12 || Composite 7 - Isaiah 19.1, 3, 4-5, 12, 16, 19-21",
2024-02-02,slavic,Friday of the 35th week after Pentecost,"Hebrews 11.8, 11-16 || Hebrews 13.17-21 ~ St Euthymius",Mark 9.33-41 || Luke 6.17-23 ~ St Euthymius,Matthew 11.27-30,Wisdom of Solomon 5.15-6.3 || Wisdom of Solomon 3.1-9 || Wisdom of Solomon 4.7-15,
2024-02-03,greek,Saturday of the 35th week after Pentecost,Ephesians 5.1-8 || Hebrews 9.11-14 ~ Afterfeast of Presentation,Luke 14.1-11 || Luke 2.25-38 ~ Afterfeast of Presentation,,,
2024-02-03,slavic,Saturday of the 35th week after Pentecost,Ephesians 5.1-8,Luke 14.1-11,,,
2024-02-04,greek,35th Sunday after Pentecost,1 Timothy 4.9-15,Luke 19.1-10,2nd Matins Gospel :: Mark 16.1-8,,
2024-02-04,slavic,35th Sunday after Pentecost,Colossians 3.12-16,Luke 18.35-43,2nd Matins Gospel :: Mark 16.1-8,,
2024-02-05,greek,Monday of the 36th week after Pentecost,"Hebrews 11.17-23, 27-31",Mark 9.42-10.1,,,
2024-02-05,slavic,Monday of the 36th week after Pentecost,"Hebrews 11.17-23, 27-31",Mark 9.42-10.1,,,
2024-02-06,greek,Tuesday of the 36th week after Pentecost,"Hebrews 12.25-26, 13.22-25 || Hebrews 7.26-8.2 ~ St. Photius",Mark 10.2-12 || John 10.9-16 ~ St. Photius,,,
2024-02-06,slavic,Tuesday of the 36th week after Pentecost,"Hebrews 12.25-26, 13.22-25",Mark 10.2-12,,,
2024-02-07,greek,Wednesday of the 36th week after Pentecost,James 1.1-18,Mark 10.11-16,,,
2024-02-07,slavic,Wednesday of the 36th week after Pentecost,James 1.1-18 || 1 Corinthians 12.7-11 ~ St Gregory,Mark 10.11-16 || John 10.9-16 ~ St Gregory,John 10.1-9,"Composite 2 - Proverbs 10, 3, 8 || Composite 4 - Proverbs 10; Wisdom of Solomon 6, 7, 8, 9 || Wisdom of Solomon 4.7-15",
2024-02-08,greek,Thursday of the 36th week after Pentecost,James 1.19-27 || Ephesians 2.4-10 ~ St. Theodore,Mark 10.17-27 || Matthew 10.16-22 ~ St. Theodore,,,
2024-02-08,slavic,Thursday of the 36th week after Pentecost,James 1.19-27,Mark 10.17-27,,,
2024-02-09,greek,Friday of the 36th week after Pentecost,James 2.1-13 || Hebrews 7.7-17 ~ Meeting,Mark 10.23-32 || Luke 2.22-40 ~ Meeting,,,
2024-02-09,slavic,Friday of the 36th week after Pentecost,James 2.1-13 || Hebrews 7.26-8.2 ~ St John,Mark 10.23-32 || John 10.9-16 ~ St John,John 10.1-9,"Composite 2 - Proverbs 10, 3, 8 || Composite 4 - Proverbs 10; Wisdom of Solomon 6, 7, 8, 9 || Composite 5 - Wisdom of Solomon 4, 6, 7, 2",
2024-02-10,greek,Saturday of the 36th week after Pentecost,Colossians 1.3-6 || 2 Timothy 2.1-10 ~ St. Haralambos,Luke 16.10-15 || John 15.17-16.2 ~ St. Haralambos,,,
2024-02-10,slavic,Saturday of the 36th week after Pentecost,Colossians 1.3-6,Luke 16.10-15,,,
2024-02-11,greek,36th Sunday after Pentecost,2 Corinthians 6.1-10 || Hebrews 4.14-5.6 ~ Blaise,"Matthew 25.14-30 || Matthew 10.1, 5-8 ~ Blaise",3rd Matins Gospel :: Mark 16.9-20,,
2024-02-11,slavic,36th Sunday after Pentecost,1 Timothy 1.15-17,Matthew 15.21-28,3rd Matins Gospel :: Mark 16.9-20,,
2024-02-12,greek,Monday of the 37th week after Pentecost,James 2.14-26,Mark 10.46-52,,,
2024-02-12,slavic,Monday of the 37th week after Pentecost,James 2.14-26 || Hebrews 13.7-16 ~ Hierarchs,Mark 10.46-52 || Matthew 5.14-19 ~ Hierarchs,John 10.9-16,"Deuteronomy 1.8-11, 15-17 || Deuteronomy 10.14-21 || Wisdom of Solomon 3.1-9",
2024-02-13,greek,Tuesday of the 37th week after Pentecost,James 3.1-10,Mark 11.11-23,,,
2024-02-13,slavic,Tuesday of the 37th week after Pentecost,James 3.1-10,Mark 11.11-23,,,
2024-02-14,greek,Wednesday of the 37th week after Pentecost,James 3.11-4.6,Mark 11.22-26,,,
2024-02-14,slavic,Wednesday of the 37th week after Pentecost,James 3.11-4.6,Mark 11.22-26,,,
2024-02-15,greek,Thursday of the 37th week after Pentecost,James 4.7-5.9,Mark 11.27-33,,,
2024-02-15,slavic,Thursday of the 37th week after Pentecost,Hebrews 7.7-17 ~ Meeting || James 4.7-5.9,Luke 2.22-40 ~ Meeting || Mark 11.27-33,Luke 2.25-32,"Composite 6 - Exodus 12, 13; Numbers 8; Leviticus 12 || Isaiah 6.1-12 || Composite 7 - Isaiah 19.1, 3, 4-5, 12, 16, 19-21",
2024-02-16,greek,Friday of the 37th week after Pentecost,"1 Peter 1.1-2, 10-12, 2.6-10",Mark 12.1-12,,,
2024-02-16,slavic,Friday of the 37th week after Pentecost,"1 Peter 1.1-2, 10-12, 2.6-10",Mark 12.1-12,,,
2024-02-17,greek,Saturday of the 37th week after Pentecost,1 Thessalonians 5.14-23 || 2 Timothy 2.1-10 ~ Theodore Tyro,Luke 17.3-10 || Luke 20.46-21.4 ~ Theodore Tyro,,,
2024-02-17,slavic,Saturday of the 37th week after Pentecost,1 Thessalonians 5.14-23,Luke 17.3-10,,,
2024-02-18,greek,Sunday of Zacchaeus,2 Corinthians 6.16-7.1,Matthew 15.21-28,4th Matins Gospel :: Luke 24.1-12,,
2024-02-18,slavic,Sunday of Zacchaeus,1 Timothy 4.9-15 || Hebrews 13.17-21 ~ St Theodosius,Luke 19.1-10 || Luke 6.17-23 ~ St Theodosius,4th Matins Gospel :: Luke 24.1-12,"Composite 2 - Proverbs 10, 3, 8 || Composite 4 - Proverbs 10; Wisdom of Solomon 6, 7, 8, 9 || Wisdom of Solomon 4.7-15",
2024-02-19,greek,,1 Peter 2.21-3.9,Mark 12.13-17,,,
2024-02-19,slavic,,1 Peter 2.21-3.9,Mark 12.13-17,,,
2024-02-20,greek,,1 Peter 3.10-22,Mark 12.18-27,,,
2024-02-20,slavic,,1 Peter 3.10-22,Mark 12.18-27,,,
2024-02-21,greek,,1 Peter 4.1-11,Mark 12.28-37,,,
2024-02-21,slavic,,1 Peter 4.1-11,Mark 12.28-37,,,
2024-02-22,greek,,1 Peter 4.12-5.5,Mark 12.38-44,,,
2024-02-22,slavic,,1 Peter 4.12-5.5 || Hebrews 7.7-17 ~ Meeting,Mark 12.38-44 || Luke 2.22-40 ~ Meeting,,,
2024-02-23,greek,,2 Peter 1.1-10,Mark 13.1-8,,,
2024-02-23,slavic,,2 Peter 1.1-10,Mark 13.1-8,,,
2024-02-24,greek,,2 Timothy 2.11-19 || 2 Corinthians 4.6-15 ~ Forerunner,Luke 18.2-8 || Matthew 11.2-15 ~ Forerunner,Luke 7.17-30 ~ Forerunner,"Composite 8 - Isaiah 40, 41, 45, 48, 54 ~ Forerunner || Composite 9 - Malachi 3, 4 ~ Forerunner || Composite 3 - Wisdom of Solomon 4, 5 ~ Forerunner",
2024-02-24,slavic,,2 Timothy 2.11-19,Luke 18.2-8,,,
2024-02-25,greek,Sunday of the Publican and the Pharisee,2 Timothy 3.10-15,Luke 18.10-14,5th Matins Gospel :: Luke 24.12-35,,
2024-02-25,slavic,Sunday of the Publican and the Pharisee,2 Timothy 3.10-15,Luke 18.10-14,5th Matins Gospel :: Luke 24.12-35,,
2024-02-26,greek,,2 Peter 1.20-2.9,Mark 13.9-13,,,
2024-02-26,slavic,,2 Peter 1.20-2.9,Mark 13.9-13,,,
2024-02-27,greek,,2 Peter 2.9-22 || Hebrews 13.17-21 ~ St Raphael,Mark 13.14-23 || John 10.9-16 ~ St Raphael,John 10.1-9 ~ St Raphael,"Composite 2 - Proverbs 10, 3, 8 ~ St Raphael || Proverbs 10.31-11.12 ~ St Raphael || Wisdom of Solomon 4.7-15 ~ St Raphael",
2024-02-27,slavic,,2 Peter 2.9-22,Mark 13.14-23,,,
2024-02-28,greek,,2 Peter 3.1-18,Mark 13.24-31,,,
2024-02-28,slavic,,2 Peter 3.1-18,Mark 13.24-31,,,
2024-02-29,greek,,1 John 1.8-2.6 || 1 John 2.18-3.10 ~ St John,Mark 13.31-14.2 || Mark 11.1-11 ~ St John,,,
2024-02-29,slavic,,1 John 1.8-2.6,Mark 13.31-14.2,,,
2024-03-01,greek,,1 John 2.7-17,Mark 14.3-9,,,
2024-03-01,slavic,,1 John 2.7-17,Mark 14.3-9,,,
2024-03-02,greek,,1 Timothy 6.11-16,Luke 20.46-21.4,,,
2024-03-02,slavic,,2 Timothy 3.1-9,Luke 20.46-21.4,,,
2024-03-03,greek,Sunday of the Prodigal Son,1 Corinthians 6.12-20,Luke 15.11-32,6th Matins Gospel :: Luke 24.36-53,,
2024-03-03,slavic,Sunday of the Prodigal Son,1 Corinthians 6.12-20,Luke 15.11-32,6th Matins Gospel :: Luke 24.36-53,,
2024-03-04,greek,Monday of Meatfare,1 John 2.18-3.10,Mark 11.1-11,,,
2024-03-04,slavic,Monday of Meatfare,1 John 2.18-3.10,Mark 11.1-11,,,
2024-03-05,greek,Tuesday of Meatfare,1 John 3.10-20,Mark 14.10-42,,,
2024-03-05,slavic,Tuesday of Meatfare,1 John 3.10-20,Mark 14.10-42,,,
2024-03-06,greek,Wednesday of Meatfare,1 John 3.21-4.6,Mark 14.43-15.1,,,
2024-03-06,slavic,Wednesday of Meatfare,1 John 3.21-4.6,Mark 14.43-15.1,,,
2024-03-07,greek,Thursday of Meatfare,1 John 4.20-5.21,Mark 15.1-15,,,
2024-03-07,slavic,Thursday of Meatfare,1 John 4.20-5.21,Mark 15.1-15,,,
2024-03-08,greek,Friday of Meatfare,2 John 1.1-13,"Mark 15.20, 22, 25, 33-41",,,
2024-03-08,slavic,Friday of Meatfare,2 John 1.1-13 || 2 Corinthians 4.6-15 ~ Forerunner,"Mark 15.22, 25, 33-41 || Matthew 11.2-15 ~ Forerunner",Luke 7.17-30 ~ Forerunner,"Composite 8 - Isaiah 40, 41, 45, 48, 54 ~ Forerunner || Composite 9 - Malachi 3, 4 ~ Forerunner || Composite 3 - Wisdom of Solomon 4, 5 ~ Forerunner",
2024-03-09,greek,Saturday of Meatfare,1 Corinthians 10.23-28 || 1 Thessalonians 4.13-17 ~ Departed || Hebrews 12.1-10 ~ Martyrs,"Luke 21.8-9, 25-27, 33-36 || John 5.24-30 ~ Departed || Matthew 20.1-16 ~ Martyrs",Luke 21.12-19 ~ Martyrs,Isaiah 43.9-14 ~ Martyrs || Wisdom of Solomon 3.1-9 ~ Martyrs || Wisdom of Solomon 5.15-6.3 ~ Martyrs,
2024-03-09,slavic,Saturday of Meatfare,1 Corinthians 10.23-28 || 1 Thessalonians 4.13-17 ~ Departed,"Luke 21.8-9, 25-27, 33-36 || John 5.24-30 ~ Departed",,,
2024-03-10,greek,Sunday of Meatfare,1 Corinthians 8.8-9.2,Matthew 25.31-46,7th Matins Gospel :: John 20.1-10,,
2024-03-10,slavic,Sunday of Meatfare,1 Corinthians 8.8-9.2,Matthew 25.31-46,7th Matins Gospel :: John 20.1-10,,
2024-03-11,greek,Monday of Cheesefare,3 John 1.1-14,"Luke 19.29-40, 22.7-39",,,
2024-03-11,slavic,Monday of Cheesefare,3 John 1.1-14 || Hebrews 13.17-21 ~ St Raphael,"Luke 19.29-40, 22.7-39 || John 10.9-16 ~ St Raphael",John 10.1-9 ~ St Raphael,"Composite 2 - Proverbs 10, 3, 8 ~ St Raphael || Proverbs 10.31-11.12 ~ St Raphael || Wisdom of Solomon 4.7-15 ~ St Raphael",
2024-03-12,greek,Cheesefare Tuesday,Jude 1-10,"Luke 22.39-42, 45-23.1",,,
2024-03-12,slavic,Cheesefare Tuesday,Jude 1-10,"Luke 22.39-42, 45-23.1",,,
2024-03-13,greek,Cheesefare Wednesday,,,,Joel 3.12-21,Sixth Hour :: Joel 2.12-26
2024-03-13,slavic,Cheesefare Wednesday,1 John 2.18-3.10 ~ St John,Mark 11.1-11 ~ St John,,Joel 3.12-21,Sixth Hour :: Joel 2.12-26
2024-03-14,greek,Cheesefare Thursday,Jude 11-25,"Luke 23.1-31, 33, 44-56",,,
2024-03-14,slavic,Cheesefare Thursday,Jude 11-25,"Luke 23.2-34, 44-56",,,
2024-03-15,greek,Cheesefare Friday,,,,Zechariah 8.19-23,6th Hour :: Zechariah 8.7-17
2024-03-15,slavic,Cheesefare Friday,,,,Zechariah 8.19-23,6th Hour :: Zechariah 8.7-17
2024-03-16,greek,Cheesefare Saturday,"Romans 14.19-23, 16.25-27 || Galatians 5.22-6.2 ~ Departed",Matthew 6.1-13 || Matthew 11.27-30 ~ Departed,,,
2024-03-16,slavic,Cheesefare Saturday,"Romans 14.19-23, 16.25-27 || Galatians 5.22-6.2 ~ Departed",Matthew 6.1-13 || Matthew 11.27-30 ~ Departed,,,
2024-03-17,greek,Sunday of Cheesefare: Expulsion of Adam from Paradise,Romans 13.11-14.4,Matthew 6.14-21,8th Matins Gospel :: John 20.11-18,,
2024-03-17,slavic,Sunday of Cheesefare: Expulsion of Adam from Paradise,Romans 13.11-14.4,Matthew 6.14-21,8th Matins Gospel :: John 20.11-18,,
2024-03-18,greek,Monday of the First Week of Lent,,,,Genesis 1.1-13 || Proverbs 1.1-20,6th Hour :: Isaiah 1.1-20
2024-03-18,slavic,Monday of the First Week of Lent,,,,Genesis 1.1-13 || Proverbs 1.1-20,6th Hour :: Isaiah 1.1-20
2024-03-19,greek,Tuesday of the First Week of Lent,,,,Genesis 1.14-23 || Proverbs 1.20-33,6th Hour :: Isaiah 1.19-2.3
2024-03-19,slavic,Tuesday of the First Week of Lent,,,,Genesis 1.14-23 || Proverbs 1.20-33,6th Hour :: Isaiah 1.19-2.3
2024-03-20,greek,Wednesday of the First Week of Lent,,,,Genesis 1.24-2.3 || Proverbs 2.1-22,6th Hour :: Isaiah 2.3-11
2024-03-20,slavic,Wednesday of the First Week of Lent,,,,Genesis 1.24-2.3 || Proverbs 2.1-22,6th Hour :: Isaiah 2.3-11
2024-03-21,greek,Thursday of the First Week of Lent,,,,Genesis 2.4-19 || Proverbs 3.1-18,6th Hour :: Isaiah 2.11-21
2024-03-21,slavic,Thursday of the First Week of Lent,,,,Genesis 2.4-19 || Proverbs 3.1-18,6th Hour :: Isaiah 2.11-21
2024-03-22,greek,Friday of the First Week of Lent,,,,Genesis 2.20-3.20 || Proverbs 3.19-34,6th Hour :: Isaiah 3.1-14
2024-03-22,slavic,Friday of the First Week of Lent,Hebrews 12.1-10 ~ Martyrs,Matthew 20.1-16 ~ Martyrs,Luke 21.12-19 ~ Martyrs,Genesis 2.20-3.20 || Proverbs 3.19-34 || Isaiah 43.9-14 ~ Martyrs || Wisdom of Solomon 3.1-9 ~ Martyrs || Wisdom of Solomon 5.15-6.3 ~ Martyrs,6th Hour :: Isaiah 3.1-14
2024-03-23,greek,First Saturday of Lent,Hebrews 1.1-12 || 2 Timothy 2.1-10 ~ St Theodore,Mark 2.23-3.5 || John 15.17-16.2 ~ St Theodore,,,
2024-03-23,slavic,First Saturday of Lent,Hebrews 1.1-12 || 2 Timothy 2.1-10 ~ St Theodore,Mark 2.23-3.5 || John 15.17-16.2 ~ St Theodore,,,
2024-03-24,greek,First Sunday of Lent,"Hebrews 11.24-26, 32-12.2",John 1.43-51,9th Matins Gospel :: John 20.19-31,,
2024-03-24,slavic,First Sunday of Lent,"Hebrews 11.24-26, 32-12.2",John 1.43-51,9th Matins Gospel :: John 20.19-31,,
2024-03-25,greek,Monday of the Second Week of Lent,Hebrews 2.11-18 ~ Annunciation,Luke 1.24-38 ~ Annunciation,"Luke 1.39-49, 56 ~ Annunciation",Genesis 28.10-17 ~ Annunciation || Ezekiel 43.27-44.4 ~ Annunciation || Proverbs 9.1-11 ~ Annunciation || Genesis 3.21-4.7 || Proverbs 3.34-4.22 || Exodus 3.1-8 ~ Annunciation || Proverbs 8.22-30 ~ Annunciation,6th Hour :: Isaiah 4.2-5.7
2024-03-25,slavic,Monday of the Second Week of Lent,,,,Genesis 3.21-4.7 || Proverbs 3.34-4.22,6th Hour :: Isaiah 4.2-5.7
2024-03-26,greek,Tuesday of the Second Week of Lent,,,,Genesis 4.8-15 || Proverbs 5.1-15,6th Hour :: Isaiah 5.7-16
2024-03-26,slavic,Tuesday of the Second Week of Lent,,,,Genesis 4.8-15 || Proverbs 5.1-15,6th Hour :: Isaiah 5.7-16
2024-03-27,greek,Wednesday of the Second Week of Lent,,,,Genesis 4.16-26 || Proverbs 5.15-6.3,6th Hour :: Isaiah 5.16-25
2024-03-27,slavic,Wednesday of the Second Week of Lent,,,,Genesis 4.16-26 || Proverbs 5.15-6.3,6th Hour :: Isaiah 5.16-25
2024-03-28,greek,Thursday of the Second Week of Lent,,,,Genesis 5.1-24 || Proverbs 6.3-20,6th Hour :: Isaiah 6.1-12
2024-03-28,slavic,Thursday of the Second Week of Lent,,,,Genesis 5.1-24 || Proverbs 6.3-20,6th Hour :: Isaiah 6.1-12
2024-03-29,greek,Friday of the Second Week of Lent,,,,Genesis 5.32-6.8 || Proverbs 6.20-7.1,6th Hour :: Isaiah 7.1-14
2024-03-29,slavic,Friday of the Second Week of Lent,,,,Genesis 5.32-6.8 || Proverbs 6.20-7.1,6th Hour :: Isaiah 7.1-14
2024-03-30,greek,Second Saturday of Lent,Hebrews 3.12-16 || 1 Thessalonians 4.13-17 ~ Departed,Mark 1.35-44 || John 5.24-30 ~ Departed,,,
2024-03-30,slavic,Second Saturday of Lent,Hebrews 3.12-16 || 1 Thessalonians 4.13-17 ~ Departed,Mark 1.35-44 || John 5.24-30 ~ Departed,,,
2024-03-31,greek,Second Sunday of Lent,Hebrews 1.10-2.3 || Hebrews 7.26-8.2 ~ St Gregory || Hebrews 7.26-8.2 ~ St Innocent,Mark 2.1-12 || John 10.9-16 ~ St Gregory || John 10.9-16 ~ St Innocent,10th Matins Gospel :: John 21.1-14,"Composite 2 - Proverbs 10, 3, 8 ~ St Innocent || Composite 3 - Wisdom of Solomon 4, 5 ~ St Innocent || Composite 4 - Proverbs 10; Wisdom of Solomon 6, 7, 8, 9 ~ St Innocent",
2024-03-31,slavic,Second Sunday of Lent,Hebrews 1.10-2.3 || Hebrews 7.26-8.2 ~ St Gregory,Mark 2.1-12 || John 10.9-16 ~ St Gregory,10th Matins Gospel :: John 21.1-14,,
2024-04-01,greek,Monday of the Third Week of Lent,,,,Genesis 6.9-22 || Proverbs 8.1-21,6th Hour :: Isaiah 8.13-9.7
2024-04-01,slavic,Monday of the Third Week of Lent,,,,Genesis 6.9-22 || Proverbs 8.1-21,6th Hour :: Isaiah 8.13-9.7
2024-04-02,greek,Tuesday of the Third Week of Lent,,,,Genesis 7.1-5 || Proverbs 8.32-9.11,6th Hour :: Isaiah 9.9-10.4
2024-04-02,slavic,Tuesday of the Third Week of Lent,,,,Genesis 7.1-5 || Proverbs 8.32-9.11,6th Hour :: Isaiah 9.9-10.4
2024-04-03,greek,Wednesday of the Third Week of Lent,,,,Genesis 7.6-9 || Proverbs 9.12-18 (LXX),6th Hour :: Isaiah 10.12-20
2024-04-03,slavic,Wednesday of the Third Week of Lent,,,,Genesis 7.6-9 || Proverbs 9.12-18 (LXX),6th Hour :: Isaiah 10.12-20
2024-04-04,greek,Thursday of the Third Week of Lent,,,,Genesis 7.11-8.3 || Proverbs 10.1-22,6th Hour :: Isaiah 11.10-12.2
2024-04-04,slavic,Thursday of the Third Week of Lent,,,,Genesis 7.11-8.3 || Proverbs 10.1-22,6th Hour :: Isaiah 11.10-12.2
2024-04-05,greek,Friday of the Third Week of Lent,,,,Genesis 8.4-21 || Proverbs 10.31-11.12,6th Hour :: Isaiah 13.2-13
2024-04-05,slavic,Friday of the Third Week of Lent,,,,Genesis 8.4-21 || Proverbs 10.31-11.12,6th Hour :: Isaiah 13.2-13
2024-04-06,greek,Third Saturday of Lent,Hebrews 10.32-38 || 1 Thessalonians 4.13-17 ~ Departed,Mark 2.14-17 || John 5.24-30 ~ Departed,,,
2024-04-06,slavic,Third Saturday of Lent,Hebrews 10.32-38,Mark 2.14-17,,,
2024-04-07,greek,Third Sunday of Lent,Hebrews 4.14-5.6 || Hebrews 7.26-8.2 ~ St Tikhon,Mark 8.34-9.1 || John 10.9-16 ~ St Tikhon,11th Matins Gospel :: John 21.15-25,Wisdom of Solomon 3.1-9 ~ St Tikhon || Wisdom of Solomon 5.15-6.3 ~ St Tikhon || Wisdom of Solomon 4.7-15 ~ St Tikhon,
2024-04-07,slavic,Third Sunday of Lent,Hebrews 4.14-5.6 || Hebrews 2.11-18 ~ Annunciation,Mark 8.34-9.1 || Luke 1.24-38 ~ Annunciation,"Luke 1.39-49, 56 ~ Annunciation",Genesis 28.10-17 ~ Annunciation || Ezekiel 43.27-44.4 ~ Annunciation || Proverbs 9.1-11 ~ Annunciation || Exodus 3.1-8 ~ Annunciation || Proverbs 8.22-30 ~ Annunciation,
2024-04-08,greek,Monday of the Fourth Week of Lent,,,,Genesis 8.21-9.7 || Proverbs 11.19-12.6,6th Hour :: Isaiah 14.24-32
2024-04-08,slavic,Monday of the Fourth Week of Lent,,,,Genesis 8.21-9.7 || Proverbs 11.19-12.6,6th Hour :: Isaiah 14.24-32
2024-04-09,greek,Tuesday of the Fourth Week of Lent,,,,Genesis 9.8-17 || Proverbs 12.8-22,6th Hour :: Isaiah 25.1-9
2024-04-09,slavic,Tuesday of the Fourth Week of Lent,,,,Genesis 9.8-17 || Proverbs 12.8-22,6th Hour :: Isaiah 25.1-9
2024-04-10,greek,Wednesday of the Fourth Week of Lent,,,,Genesis 9.18-10.1 || Proverbs 12.23-13.9 (LXX),6th Hour :: Isaiah 26.21-27.9
2024-04-10,slavic,Wednesday of the Fourth Week of Lent,,,,Genesis 9.18-10.1 || Proverbs 12.23-13.9 (LXX),6th Hour :: Isaiah 26.21-27.9
2024-04-11,greek,Thursday of the Fourth Week of Lent,,,,Genesis 10.32-11.9 || Proverbs 13.19-14.6,6th Hour :: Isaiah 28.14-22
2024-04-11,slavic,Thursday of the Fourth Week of Lent,,,,Genesis 10.32-11.9 || Proverbs 13.19-14.6,6th Hour :: Isaiah 28.14-22
2024-04-12,greek,Friday of the Fourth Week of Lent,,,,Genesis 12.1-7 || Proverbs 14.15-26,6th Hour :: Isaiah 29.13-23
2024-04-12,slavic,Friday of the Fourth Week of Lent,,,,"Genesis 12.1-7 || Proverbs 14.15-26 || Composite 2 - Proverbs 10, 3, 8 ~ St Innocent || Composite 3 - Wisdom of Solomon 4, 5 ~ St Innocent || Composite 4 - Proverbs 10; Wisdom of Solomon 6, 7, 8, 9 ~ St Innocent",6th Hour :: Isaiah 29.13-23
2024-04-13,greek,Fourth Saturday of Lent,Hebrews 6.9-12 || 1 Corinthians 15.47-57 ~ Departed,Mark 7.31-37 || John 5.24-30 ~ Departed,,,
2024-04-13,slavic,Fourth Saturday of Lent,Hebrews 6.9-12 || 1 Corinthians 15.47-57 ~ Departed || Hebrews 7.26-8.2 ~ St Innocent,Mark 7.31-37 || John 5.24-30 ~ Departed || John 10.9-16 ~ St Innocent,John 10.1-9 ~ St Innocent,,
2024-04-14,greek,Fourth Sunday of Lent,Hebrews 6.13-20 || Ephesians 5.8-19 ~ St John,Mark 9.17-31 || Matthew 4.25-5.12 ~ St John,1st Matins Gospel :: Matthew 28.16-20,,
2024-04-14,slavic,Fourth Sunday of Lent,Hebrews 6.13-20 || Ephesians 5.8-19 ~ St John,Mark 9.17-31 || Matthew 4.25-5.12 ~ St John,1st Matins Gospel :: Matthew 28.16-20,,
2024-04-15,greek,Monday of the Fifth Week of Lent,,,,Genesis 13.12-18 || Proverbs 14.27-15.4,6th Hour :: Isaiah 37.33-38.6
2024-04-15,slavic,Monday of the Fifth Week of Lent,,,,Genesis 13.12-18 || Proverbs 14.27-15.4,6th Hour :: Isaiah 37.33-38.6
2024-04-16,greek,Tuesday of the Fifth Week of Lent,,,,Genesis 15.1-15 || Proverbs 15.7-19,6th Hour :: Isaiah 40.18-31
2024-04-16,slavic,Tuesday of the Fifth Week of Lent,,,,Genesis 15.1-15 || Proverbs 15.7-19,6th Hour :: Isaiah 40.18-31
2024-04-17,greek,Wednesday of the Fifth Week of Lent,,,,Genesis 17.1-9 || Proverbs 15.20-16.9 (LXX),6th Hour :: Isaiah 41.4-14
2024-04-17,slavic,Wednesday of the Fifth Week of Lent,,,,Genesis 17.1-9 || Proverbs 15.20-16.9 (LXX),6th Hour :: Isaiah 41.4-14
2024-04-18,greek,Thursday of the Fifth Week of Lent,,,,Genesis 18.20-33 || Proverbs 16.17-17.17,6th Hour :: Isaiah 42.5-16
2024-04-18,slavic,Thursday of the Fifth Week of Lent,,,,Genesis 18.20-33 || Proverbs 16.17-17.17,6th Hour :: Isaiah 42.5-16
2024-04-19,greek,Friday of the Fifth Week of Lent,,,,Genesis 22.1-18 || Proverbs 17.17-18.5,6th Hour :: Isaiah 45.11-17
2024-04-19,slavic,Friday of the Fifth Week of Lent,,,,Genesis 22.1-18 || Proverbs 17.17-18.5 || Wisdom of Solomon 3.1-9 ~ St Tikhon || Wisdom of Solomon 5.15-6.3 ~ St Tikhon || Wisdom of Solomon 4.7-15 ~ St Tikhon,6th Hour :: Isaiah 45.11-17
2024-04-20,greek,Fifth Saturday of Lent,Hebrews 9.24-28 || Hebrews 9.1-7 ~ Theotokos,"Mark 8.27-31 || Luke 1.39-49, 56 ~ Theotokos",,,
2024-04-20,slavic,Fifth Saturday of Lent,Hebrews 9.24-28 || Hebrews 9.1-7 ~ Theotokos || Hebrews 7.26-8.2 ~ St Tikhon,"Mark 8.27-31 || Luke 10.38-42, 11.27-28 ~ Theotokos || John 10.9-16 ~ St Tikhon",John 10.1-9 ~ St Tikhon,,
2024-04-21,greek,Fifth Sunday of Lent,Hebrews 9.11-14 || Galatians 3.23-29 ~ St Mary,Mark 10.32-45 || Luke 7.36-50 ~ St Mary,2nd Matins Gospel :: Mark 16.1-8,,
2024-04-21,slavic,Fifth Sunday of Lent,Hebrews 9.11-14 || Galatians 3.23-29 ~ St Mary,Mark 10.32-45 || Luke 7.36-50 ~ St Mary,2nd Matins Gospel :: Mark 16.1-8,,
2024-04-22,greek,Monday of the Sixth Week of Lent,,,,Genesis 27.1-41 || Proverbs 19.16-25 || Isaiah 43.9-14 ~ St George || Wisdom of Solomon 3.1-9 ~ St George || Wisdom of Solomon 4.7-15 ~ St George,6th Hour :: Isaiah 48.17-49.4
2024-04-22,slavic,Monday of the Sixth Week of Lent,,,,Genesis 27.1-41 || Proverbs 19.16-25,6th Hour :: Isaiah 48.17-49.4
2024-04-23,greek,Tuesday of the Sixth Week of Lent,Acts 12.1-11 ~ St George,John 15.17-16.2 ~ St George,Luke 12.2-12 ~ St George,Genesis 31.3-16 || Proverbs 21.3-21,6th Hour :: Isaiah 49.6-10
2024-04-23,slavic,Tuesday of the Sixth Week of Lent,,,,Genesis 31.3-16 || Proverbs 21.3-21,6th Hour :: Isaiah 49.6-10
2024-04-24,greek,Wednesday of the Sixth Week of Lent,,,,"Genesis 43.26-31, 45.1-16 || Proverbs 21.23-22.4 || James 1.1-12 ~ St Mark || James 1.13-27 ~ St Mark || James 2.1-13 ~ St Mark",6th Hour :: Isaiah 58.1-11
2024-04-24,slavic,Wednesday of the Sixth Week of Lent,,,,"Genesis 43.26-31, 45.1-16 || Proverbs 21.23-22.4",6th Hour :: Isaiah 58.1-11
2024-04-25,greek,Thursday of the Sixth Week of Lent,1 Peter 5.6-14 ~ St Mark,Mark 6.7-13 ~ St Mark,Luke 10.1-15 ~ St Mark,Genesis 46.1-7 || Proverbs 23.15-24.5,6th Hour :: Isaiah 65.8-16
2024-04-25,slavic,Thursday of the Sixth Week of Lent,,,,Genesis 46.1-7 || Proverbs 23.15-24.5,6th Hour :: Isaiah 65.8-16
2024-04-26,greek,Friday of the Sixth Week of Lent,,,,Genesis 49.33-50.26 || Proverbs 31.8-31,6th Hour :: Isaiah 66.10-24
2024-04-26,slavic,Friday of the Sixth Week of Lent,,,,Genesis 49.33-50.26 || Proverbs 31.8-31,6th Hour :: Isaiah 66.10-24
2024-04-27,greek,Lazarus Saturday,Hebrews 12.28-13.8,John 11.1-45,,,
2024-04-27,slavic,Lazarus Saturday,Hebrews 12.28-13.8,John 11.1-45,,,
2024-04-28,greek,Palm Sunday: Entrance of Our Lord into Jerusalem,Philippians 4.4-9,John 12.1-18,"Matthew 21.1-11, 15-17","Genesis 49.1-2, 8-12 || Zephaniah 3.14-19 || Zechariah 9.9-15",
2024-04-28,slavic,Palm Sunday: Entrance of Our Lord into Jerusalem,Philippians 4.4-9,John 12.1-18,"Matthew 21.1-11, 15-17","Genesis 49.1-2, 8-12 || Zephaniah 3.14-19 || Zechariah 9.9-15",
2024-04-29,greek,Great and Holy Monday,,Matthew 21.18-43 ~ Bridegroom || Matthew 24.3-35 ~ Presanctified,,Exodus 1.1-20 || Job 1.1-12,6th Hour :: Ezekiel 1.1-20
2024-04-29,slavic,Great and Holy Monday,,Matthew 21.18-43 ~ Bridegroom || Matthew 24.3-35 ~ Presanctified,,Exodus 1.1-20 || Job 1.1-12,6th Hour :: Ezekiel 1.1-20
2024-04-30,greek,Great and Holy Tuesday,Acts 12.1-11 ~ St James,Matthew 22.15-23.39 ~ Bridegroom || Matthew 24.36-26.2 ~ Presanctified || Luke 5.1-11 ~ St James,John 21.15-25,Exodus 2.5-10 || Job 1.13-22 || James 1.1-12 ~ St James || James 1.13-27 ~ St James || James 2.1-13 ~ St James,6th Hour :: Ezekiel 1.21-28 (-2.1 LXX)
2024-04-30,slavic,Great and Holy Tuesday,,Matthew 22.15-23.39 ~ Bridegroom || Matthew 24.36-26.2 ~ Presanctified,,Exodus 2.5-10 || Job 1.13-22,6th Hour :: Ezekiel 1.21-28 (-2.1 LXX)
2024-05-01,greek,Great and Holy Wednesday,,John 12.17-50 ~ Bridegroom || Matthew 26.6-16 ~ Presanctified,,Exodus 2.11-22 || Job 2.1-10,6th Hour :: Ezekiel 2.3-3.3
2024-05-01,slavic,Great and Holy Wednesday,,John 12.17-50 ~ Bridegroom || Matthew 26.6-16 ~ Presanctified,,Exodus 2.11-22 || Job 2.1-10,6th Hour :: Ezekiel 2.3-3.3
2024-05-02,greek,Great and Holy Thursday,1 Corinthians 11.23-32 || Hebrews 13.7-16 ~ Removal of Relics of Athanasius,Luke 22.1-39 ~ Bridegroom || Matthew 26:1-20; John 13:3-17; Matt 26:21-39; Luke 22:43-44; Matt 26:40-27:2 ~ Composite || Matthew 5.14-19 ~ Removal of Relics of Athanasius || John 13.1-11 ~ At the Washing of the Feet || John 13.12-17 ~ After the Washing of the Feet,,Exodus 19.10-19 || Job 38.1-23; 42.1-5 || Isaiah 50.4-11,"1st Hour :: Jeremiah 11.18-12.5, 9-11, 14-15"
2024-05-02,slavic,Great and Holy Thursday,1 Corinthians 11.23-32,Luke 22.1-39 ~ Bridegroom || Matthew 26:2-20; John 13:3-17; Matt 26:21-39; Luke 22:43-45; Matt 26:40-27:2 ~ Composite || John 13.1-11 ~ At the Washing of the Feet || John 13.12-17 ~ After the Washing of the Feet,,Exodus 19.10-19 || Job 38.1-23; 42.1-5 || Isaiah 50.4-11,"1st Hour :: Jeremiah 11.18-12.5, 9-11, 14-15"
2024-05-03,greek,Great and Holy Friday,1 Corinthians 5.6-8 ~ Vespers || Hebrews 13.7-16 ~ St Theodosius,Matthew 27.1-38; Luke 23:39-43; Matt 27:39-54; John 19:31-37; Matt 27:55-61 ~ Composite || Matthew 11.27-30 ~ St Theodosius,Luke 6.17-23,Exodus 33.11-23 || Job 42.12-17 (LXX) || Isaiah 52.13-54.1 || Wisdom of Solomon 5.15-6.3 || Wisdom of Solomon 3.1-9 || Wisdom of Solomon 4.7-15,"1st Passion Gospel :: John 13.31-18.1 || 2nd Passion Gospel :: John 18.1-28 || 3rd Passion Gospel :: Matthew 26.57-75 || 4th Passion Gospel :: John 18.28-19.16 || 5th Passion Gospel :: Matthew 27.3-32 || 6th Passion Gospel :: Mark 15.16-32 || 7th Passion Gospel :: Matthew 27.33-54 || 8th Passion Gospel :: Luke 23.32-49 || 9th Passion Gospel :: John 19.25-37 || 10th Passion Gospel :: Mark 15.43-47 || 11th Passion Gospel :: John 19.38-42 || 12th Passion Gospel :: Matthew 27.62-66 || 1st Hour :: Zechariah 11.10-13 || 1st Hour :: Galatians 6.14-18 ~ Epistle || 1st Hour :: Matthew 27.1-56 ~ Gospel || 3rd Hour :: Isaiah 50.4-11 || 3rd Hour :: Romans 5.6-11 ~ Epistle || 3rd Hour :: Mark 15.16-41 ~ Gospel || 6th Hour :: Isaiah 52.13-54.1 || 6th Hour :: Amos 8.9-12 ~ alternate || 6th Hour :: Hebrews 2.11-18 ~ Epistle || 6th Hour :: Luke 23.32-49 ~ Gospel || 9th Hour :: Jeremiah 11.18-12.5, 9-11, 14-15 || 9th Hour :: Hebrews 10.19-31 ~ Epistle || 9th Hour :: John 18.28-19.37 ~ Gospel"
2024-05-03,slavic,Great and Holy Friday,1 Corinthians 1.18-2.2 ~ Vespers,Matthew 27.1-38; Luke 23:39-43; Matt 27:39-54; John 19:31-37; Matt 27:55-61 ~ Composite,,Exodus 33.11-23 || Job 42.12-17 (LXX) || Isaiah 52.13-54.1,"1st Passion Gospel :: John 13.31-18.1 || 2nd Passion Gospel :: John 18.1-28 || 3rd Passion Gospel :: Matthew 26.57-75 || 4th Passion Gospel :: John 18.28-19.16 || 5th Passion Gospel :: Matthew 27.3-32 || 6th Passion Gospel :: Mark 15.16-32 || 7th Passion Gospel :: Matthew 27.33-54 || 8th Passion Gospel :: Luke 23.32-49 || 9th Passion Gospel :: John 19.25-37 || 10th Passion Gospel :: Mark 15.43-47 || 11th Passion Gospel :: John 19.38-42 || 12th Passion Gospel :: Matthew 27.62-66 || 1st Hour :: Zechariah 11.10-13 || 1st Hour :: Galatians 6.14-18 ~ Epistle || 1st Hour :: Matthew 27.1-56 ~ Gospel || 3rd Hour :: Isaiah 50.4-11 || 3rd Hour :: Romans 5.6-11 ~ Epistle || 3rd Hour :: Mark 15.16-41 ~ Gospel || 6th Hour :: Isaiah 52.13-54.1 || 6th Hour :: Amos 8.9-12 ~ alternate || 6th Hour :: Hebrews 2.11-18 ~ Epistle || 6th Hour :: Luke 23.32-49 ~ Gospel || 9th Hour :: Jeremiah 11.18-12.5, 9-11, 14-15 || 9th Hour :: Hebrews 10.19-31 ~ Epistle || 9th Hour :: John 18.28-19.37 ~ Gospel"
2024-05-04,greek,Great and Holy Saturday,Romans 6.3-11,Matthew 28.1-20,Matins :: Ezekiel 37.1-14 ~ Prophecy || Matins Epistle :: 1 Corinthians 5.6-8; Galatians 3.13-14 || Matthew 27.62-66,Genesis 1.1-13 ~ 1st reading || Isaiah 60.1-16 ~ 2nd reading || Exodus 12.1-11 ~ 3rd reading || Jonah 1.1-4.11 ~ 4th reading || Joshua 5.10-15 ~ 5th reading || Exodus 13.20-15.19 ~ 6th reading || Zephaniah 3.8-15 ~ 7th reading || 3[1] Kings 17.8-24 ~ 8th reading || Isaiah 61.10-62.5 ~ 9th reading || Genesis 22.1-18 ~ 10th reading || Isaiah 61.1-9 ~ 11th reading || 4[2] Kings 4.8-37 ~ 12th reading || Isaiah 63.11-64.5 ~ 13th reading || Jeremiah 31.31-34 ~ 14th reading || Daniel 3.1-23; Song of the Three 1-66 with verses ~ 15th reading,
2024-05-04,slavic,Great and Holy Saturday,Romans 6.3-11,Matthew 28.1-20,Matins :: Ezekiel 37.1-14 ~ Prophecy || Matins Epistle :: 1 Corinthians 5.6-8; Galatians 3.13-14 || Matthew 27.62-66,Genesis 1.1-13 ~ 1st reading || Isaiah 60.1-16 ~ 2nd reading || Exodus 12.1-11 ~ 3rd reading || Jonah 1.1-4.11 ~ 4th reading || Joshua 5.10-15 ~ 5th reading || Exodus 13.20-15.19 ~ 6th reading || Zephaniah 3.8-15 ~ 7th reading || 3[1] Kings 17.8-24 ~ 8th reading || Isaiah 61.10-62.5 ~ 9th reading || Genesis 22.1-18 ~ 10th reading || Isaiah 61.1-9 ~ 11th reading || 4[2] Kings 4.8-37 ~ 12th reading || Isaiah 63.11-64.5 ~ 13th reading || Jeremiah 31.31-34 ~ 14th reading || Daniel 3.1-23; Song of the Three 1-66 with verses ~ 15th reading,
2024-05-05,greek,Holy Pascha,Acts 1.1-8,John 1.1-17,,,
2024-05-05,slavic,Holy Pascha,Acts 1.1-8,John 1.1-17,,,
2024-05-06,greek,Bright Monday,"Acts 1.12-17, 21-26",John 1.18-28,,John 20.19-25,Cross Procession :: Matthew 28.1-20 ~ 1st Reading || Cross Procession :: Mark 16.1-8 ~ 2nd Reading || Cross Procession :: Luke 24.1-12 ~ 3rd Reading || Cross Procession :: John 20.1-10 ~ 4th Reading || Cross Procession :: Luke 24.36-53 ~ 5th Reading
2024-05-06,slavic,Bright Monday,"Acts 1.12-17, 21-26 || Acts 12.1-11 ~ St George",John 1.18-28 || John 15.17-16.2 ~ St George,Luke 12.2-12 ~ St George,Isaiah 43.9-14 ~ St George || Wisdom of Solomon 3.1-9 ~ St George || Wisdom of Solomon 4.7-15 ~ St George || John 20.19-25,Cross Procession :: Matthew 28.1-20 ~ 1st Reading || Cross Procession :: Mark 16.1-8 ~ 2nd Reading || Cross Procession :: Luke 24.1-12 ~ 3rd Reading || Cross Procession :: John 20.1-10 ~ 4th Reading || Cross Procession :: Luke 24.36-53 ~ 5th Reading
2024-05-07,greek,Bright Tuesday,Acts 2.14-21,Luke 24.12-35,,,
2024-05-07,slavic,Bright Tuesday,Acts 2.14-21,Luke 24.12-35,,,
2024-05-08,greek,Bright Wednesday,Acts 2.22-36 || 1 John 1.1-7 ~ St John,"John 1.35-51 || John 19.25-27, 21.24-25 ~ St John",John 21.15-25,1 John 3.21-4.6 || 1 John 4.11-16 || 1 John 4.20-5.5,
2024-05-08,slavic,Bright Wednesday,Acts 2.22-36 || 1 Peter 5.6-14 ~ St Mark,John 1.35-51 || Mark 6.7-13 ~ St Mark,Luke 10.1-15 ~ St Mark,James 1.1-12 ~ St Mark || James 1.13-27 ~ St Mark || James 2.1-13 ~ St Mark,
2024-05-09,greek,Bright Thursday,Acts 2.38-43,John 3.1-15,,,
2024-05-09,slavic,Bright Thursday,Acts 2.38-43,John 3.1-15,,,
2024-05-10,greek,Bright Friday,Acts 3.1-8 || Philippians 2.5-11 ~ Theotokos || 1 Corinthians 4.9-16 ~ St Simeon,"John 2.12-22 || Luke 10.38-42, 11.27-28 ~ Theotokos || Matthew 13.54-58 ~ St Simeon",John 21.15-25,1 John 3.21-4.6 || 1 John 4.11-16 || 1 John 4.20-5.5,
2024-05-10,slavic,Bright Friday,Acts 3.1-8 || Philippians 2.5-11 ~ Theotokos,"John 2.12-22 || Luke 10.38-42, 11.27-28 ~ Theotokos",,,
2024-05-11,greek,Bright Saturday,Acts 3.11-16 || Hebrews 7.26-8.2 ~ Saints,John 3.22-33 || Matthew 5.14-19 ~ Saints,John 10.1-9,"Composite 2 - Proverbs 10, 3, 8 || Proverbs 10.31-11.12 || Wisdom of Solomon 4.7-15",
2024-05-11,slavic,Bright Saturday,Acts 3.11-16,John 3.22-33,,,
2024-05-12,greek,Antipascha: 2nd Sunday of Pascha,Acts 5.12-20,John 20.19-31,1st Matins Gospel :: Matthew 28.16-20,,
2024-05-12,slavic,Antipascha: 2nd Sunday of Pascha,Acts 5.12-20,John 20.19-31,1st Matins Gospel :: Matthew 28.16-20,,
2024-05-13,greek,Monday of the 2nd Sunday of Pascha,Acts 3.19-26,John 2.1-11,,,
2024-05-13,slavic,Monday of the 2nd Sunday of Pascha,Acts 3.19-26 || Acts 12.1-11 ~ St James,John 2.1-11 || Luke 5.1-11 ~ St James,John 21.15-25,James 1.1-12 ~ St James || James 1.13-27 ~ St James || James 2.1-13 ~ St James,
2024-05-14,greek,Tuesday of the 2nd Sunday of Pascha,Acts 4.1-10,John 3.16-21,,,
2024-05-14,slavic,Tuesday of the 2nd Sunday of Pascha,Acts 4.1-10,John 3.16-21,,,
2024-05-15,greek,Wednesday of the 2nd Sunday of Pascha,Acts 4.13-22,John 5.17-24,,,
2024-05-15,slavic,Wednesday of the 2nd Sunday of Pascha,Acts 4.13-22,John 5.17-24,,,
2024-05-16,greek,Thursday of the 2nd Sunday of Pascha,Acts 4.23-31,John 5.24-30,,,
2024-05-16,slavic,Thursday of the 2nd Sunday of Pascha,Acts 4.23-31 || Hebrews 13.7-16 ~ St Theodosius,John 5.24-30 || Matthew 11.27-30 ~ St Theodosius,Luke 6.17-23,Wisdom of Solomon 5.15-6.3 || Wisdom of Solomon 3.1-9 || Wisdom of Solomon 4.7-15,
2024-05-17,greek,Friday of the 2nd Sunday of Pascha,Acts 5.1-11,John 5.30-6.2,,,
2024-05-17,slavic,Friday of the 2nd Sunday of Pascha,Acts 5.1-11,John 5.30-6.2,,,
2024-05-18,greek,Saturday of the 2nd Sunday of Pascha,Acts 5.21-33,John 6.14-27,,,
2024-05-18,slavic,Saturday of the 2nd Sunday of Pascha,Acts 5.21-33,John 6.14-27,,,
2024-05-19,greek,3rd Sunday of Pascha,Acts 6.1-7,Mark 15.43-16.8,3rd Matins Gospel :: Mark 16.9-20,,
2024-05-19,slavic,3rd Sunday of Pascha,Acts 6.1-7,Mark 15.43-16.8,3rd Matins Gospel :: Mark 16.9-20,,
2024-05-20,greek,Monday of the 3rd Sunday of Pascha,"Acts 6.8-7.5, 47-60",John 4.46-54,,,
2024-05-20,slavic,Monday of the 3rd Sunday of Pascha,"Acts 6.8-7.5, 47-60 || Galatians 1.11-19 ~ St Alexis",John 4.46-54 || John 10.1-9 ~ St Alexis,John 10.9-16,"Composite 2 - Proverbs 10, 3, 8 || Composite 4 - Proverbs 10; Wisdom of Solomon 6, 7, 8, 9 || Composite 5 - Wisdom of Solomon 4, 6, 7, 2",
2024-05-21,greek,Tuesday of the 3rd Sunday of Pascha,"Acts 8.5-17 || Acts 26.1-5, 12-20 ~ Saints",John 6.27-33 || John 10.1-9 ~ Saints,John 10.9-16,"3[1] Kings 8.22-23, 27-30 || Isaiah 61.10-62.5 || Isaiah 60.1-16",
2024-05-21,slavic,Tuesday of the 3rd Sunday of Pascha,Acts 8.5-17 || 1 John 1.1-7 ~ St John,"John 6.27-33 || John 19.25-27, 21.24-25 ~ St John",John 21.15-25,1 John 3.21-4.6 || 1 John 4.11-16 || 1 John 4.20-5.5,
2024-05-22,greek,Wednesday of the 3rd Sunday of Pascha,Acts 8.18-25,John 6.35-39,,,
2024-05-22,slavic,Wednesday of the 3rd Sunday of Pascha,Acts 8.18-25,John 6.35-39,,,
2024-05-23,greek,Thursday of the 3rd Sunday of Pascha,Acts 8.26-39,John 6.40-44,,,
2024-05-23,slavic,Thursday of the 3rd Sunday of Pascha,Acts 8.26-39 || 1 Corinthians 4.9-16 ~ St Simeon,John 6.40-44 || Matthew 13.54-58 ~ St Simeon,John 21.15-25,1 John 3.21-4.6 || 1 John 4.11-16 || 1 John 4.20-5.5,
2024-05-24,greek,Friday of the 3rd Sunday of Pascha,Acts 8.40-9.19,John 6.48-54,,,
2024-05-24,slavic,Friday of the 3rd Sunday of Pascha,Acts 8.40-9.19 || Hebrews 7.26-8.2 ~ Saints,John 6.48-54 || Matthew 5.14-19 ~ Saints,John 10.1-9,"Composite 2 - Proverbs 10, 3, 8 || Proverbs 10.31-11.12 || Wisdom of Solomon 4.7-15",
2024-05-25,greek,Saturday of the 3rd Sunday of Pascha,Acts 9.20-31 || 2 Corinthians 4.6-15 ~ Forerunner,John 15.17-16.2 || Matthew 11.2-15 ~ Forerunner,Luke 7.17-30,"Composite 8 - Isaiah 40, 41, 45, 48, 54 || Composite 9 - Malachi 3, 4 || Composite 3 - Wisdom of Solomon 4, 5",
2024-05-25,slavic,Saturday of the 3rd Sunday of Pascha,Acts 9.20-31,John 15.17-16.2,,,
2024-05-26,greek,4th Sunday of Pascha,Acts 9.32-42,John 5.1-15,4th Matins Gospel :: Luke 24.1-12,,
2024-05-26,slavic,4th Sunday of Pascha,Acts 9.32-42,John 5.1-15,4th Matins Gospel :: Luke 24.1-12,,
2024-05-27,greek,Monday of the 4th Sunday of Pascha,Acts 10.1-16,John 6.56-69,,,
2024-05-27,slavic,Monday of the 4th Sunday of Pascha,Acts 10.1-16,John 6.56-69,,,
2024-05-28,greek,Tuesday of the 4th Sunday of Pascha,Acts 10.21-33,John 7.1-13,,,
2024-05-28,slavic,Tuesday of the 4th Sunday of Pascha,Acts 10.21-33,John 7.1-13,,,
2024-05-29,greek,Wednesday of the 4th Sunday of Pascha,Acts 14.6-18 || Hebrews 2.11-18 ~ Blessing of Waters,John 7.14-30 || John 5.1-4 ~ Blessing of Waters,,"Composite 19 - Micah 4.2-3, 5; 6.2-5, 8; 5.4, 5 || Composite 20 - Isaiah 55.1; 12.3-4; 55.2-13 || Proverbs 9.1-11",
2024-05-29,slavic,Wednesday of the 4th Sunday of Pascha,Acts 14.6-18 || Hebrews 2.11-18 ~ Blessing of Waters,John 7.14-30 || John 5.1-4 ~ Blessing of Waters,,"Composite 19 - Micah 4.2-3, 5; 6.2-5, 8; 5.4, 5 || Composite 20 - Isaiah 55.1; 12.3-4; 55.2-13 || Proverbs 9.1-11",
2024-05-30,greek,Thursday of the 4th Sunday of Pascha,Acts 10.34-43,John 8.12-20,,,
2024-05-30,slavic,Thursday of the 4th Sunday of Pascha,Acts 10.34-43,John 8.12-20,,,
2024-05-31,greek,Friday of the 4th Sunday of Pascha,Acts 10.44-11.10,John 8.21-30,,,
2024-05-31,slavic,Friday of the 4th Sunday of Pascha,Acts 10.44-11.10,John 8.21-30,,,
2024-06-01,greek,Saturday of the 4th Sunday of Pascha,Acts 12.1-11,John 8.31-42,,,
2024-06-01,slavic,Saturday of the 4th Sunday of Pascha,Acts 12.1-11,John 8.31-42,,,
2024-06-02,greek,5th Sunday of Pascha,"Acts 11.19-26, 29-30",John 4.5-42,7th Matins Gospel :: John 20.1-10,,
2024-06-02,slavic,5th Sunday of Pascha,"Acts 11.19-26, 29-30",John 4.5-42,7th Matins Gospel :: John 20.1-10,,
2024-06-03,greek,Monday of the 5th Sunday of Pascha,Acts 12.12-17,John 8.42-51,,,
2024-06-03,slavic,Monday of the 5th Sunday of Pascha,"Acts 12.12-17 || Acts 26.1-5, 12-20 ~ Saints",John 8.42-51 || John 10.1-9 ~ Saints,John 10.9-16,"3[1] Kings 8.22-23, 27-30 || Isaiah 61.10-62.5 || Isaiah 60.1-16",
2024-06-04,greek,Tuesday of the 5th Sunday of Pascha,Acts 12.25-13.12 || Hebrews 7.26-8.2 ~ Metrophanes,John 8.51-59 || John 10.1-9 ~ Metrophanes,,,
2024-06-04,slavic,Tuesday of the 5th Sunday of Pascha,Acts 12.25-13.12,John 8.51-59,,,
2024-06-05,greek,Wednesday of the 5th Sunday of Pascha,Acts 13.13-24,John 6.5-14,,,
2024-06-05,slavic,Wednesday of the 5th Sunday of Pascha,Acts 13.13-24,John 6.5-14,,,
2024-06-06,greek,Thursday of the 5th Sunday of Pascha,Acts 14.20-27,John 9.39-10.9,,,
2024-06-06,slavic,Thursday of the 5th Sunday of Pascha,Acts 14.20-27,John 9.39-10.9,,,
2024-06-07,greek,Friday of the 5th Sunday of Pascha,Acts 15.5-34,John 10.17-28,,,
2024-06-07,slavic,Friday of the 5th Sunday of Pascha,Acts 15.5-34 || 2 Corinthians 4.6-15 ~ Forerunner,John 10.17-28 || Matthew 11.2-15 ~ Forerunner,Luke 7.17-30,"Composite 8 - Isaiah 40, 41, 45, 48, 54 || Composite 9 - Malachi 3, 4 || Composite 3 - Wisdom of Solomon 4, 5",
2024-06-08,greek,Saturday of the 5th Sunday of Pascha,Acts 15.35-41 || Ephesians 2.4-10 ~ Removal of Relics of Theodore,John 10.27-38 || Matthew 10.16-22 ~ Removal of Relics of Theodore,,,
2024-06-08,slavic,Saturday of the 5th Sunday of Pascha,Acts 15.35-41,John 10.27-38,,,
2024-06-09,greek,6th Sunday of Pascha,Acts 16.16-34,John 9.1-38,8th Matins Gospel :: John 20.11-18,,
2024-06-09,slavic,6th Sunday of Pascha,Acts 16.16-34,John 9.1-38,8th Matins Gospel :: John 20.11-18,,
2024-06-10,greek,Monday of the 6th Sunday of Pascha,Acts 17.1-15,John 11.47-57,,,
2024-06-10,slavic,Monday of the 6th Sunday of Pascha,Acts 17.1-15,John 11.47-57,,,
2024-06-11,greek,Tuesday of the 6th Sunday of Pascha,"Acts 17.19-28 || Acts 11.19-26, 29-30 ~ Apostles",John 12.19-36 || Luke 10.16-21 ~ Apostles,John 21.15-25,1 Peter 1.3-9 || 1 Peter 1.13-19 || 1 Peter 2.11-24,
2024-06-11,slavic,Tuesday of the 6th Sunday of Pascha,Acts 17.19-28,John 12.19-36,,,
2024-06-12,greek,Wednesday of the 6th Sunday of Pascha,Acts 18.22-28,John 12.36-47,,,
2024-06-12,slavic,Wednesday of the 6th Sunday of Pascha,Acts 18.22-28,John 12.36-47,,,
2024-06-13,greek,"The Ascension of our Lord, God, and Saviour Jesus Christ",Acts 1.1-12,Luke 24.36-53,Mark 16.9-20,"Isaiah 2.2-3 || Composite 21 - Isaiah 62.10-63.3, 7-9 || Composite 22 - Zechariah 14.1, 4, 8-11",
2024-06-13,slavic,"The Ascension of our Lord, God, and Saviour Jesus Christ",Acts 1.1-12,Luke 24.36-53,Mark 16.9-20,"Isaiah 2.2-3 || Composite 21 - Isaiah 62.10-63.3, 7-9 || Composite 22 - Zechariah 14.1, 4, 8-11",
2024-06-14,greek,Friday of the 6th Sunday of Pascha,Acts 19.1-8,John 14.1-11,,,
2024-06-14,slavic,Friday of the 6th Sunday of Pascha,Acts 19.1-8,John 14.1-11,,,
2024-06-15,greek,Saturday of the 6th Sunday of Pascha,Acts 20.7-12,John 14.10-21,,,
2024-06-15,slavic,Saturday of the 6th Sunday of Pascha,Acts 20.7-12,John 14.10-21,,,
2024-06-16,greek,7th Sunday of Pascha,"Acts 20.16-18, 28-36",John 17.1-13,10th Matins Gospel :: John 21.1-14,"Genesis 14.14-20 || Deuteronomy 1.8-11, 15-17 || Deuteronomy 10.14-21",
2024-06-16,slavic,7th Sunday of Pascha,"Acts 20.16-18, 28-36",John 17.1-13,10th Matins Gospel :: John 21.1-14,"Genesis 14.14-20 || Deuteronomy 1.8-11, 15-17 || Deuteronomy 10.14-21",
2024-06-17,greek,Monday of the 7th Sunday of Pascha,Acts 21.8-14,John 14.27-15.7,,,
2024-06-17,slavic,Monday of the 7th Sunday of Pascha,Acts 21.8-14,John 14.27-15.7,,,
2024-06-18,greek,Tuesday of the 7th Sunday of Pascha,Acts 21.26-32,John 16.2-13,,,
2024-06-18,slavic,Tuesday of the 7th Sunday of Pascha,Acts 21.26-32,John 16.2-13,,,
2024-06-19,greek,Wednesday of the 7th Sunday of Pascha,Acts 23.1-11 || Jude 1-10 ~ St Jude,John 16.15-23 || John 14.21-24 ~ St Jude,John 21.15-25,Jude 1-10 || Jude 11-16 || Jude 17-25,
2024-06-19,slavic,Wednesday of the 7th Sunday of Pascha,Acts 23.1-11,John 16.15-23,,,
2024-06-20,greek,Thursday of the 7th Sunday of Pascha,Acts 25.13-19,John 16.23-33,,,
2024-06-20,slavic,Thursday of the 7th Sunday of Pascha,Acts 25.13-19,John 16.23-33,,,
2024-06-21,greek,Friday of the 7th Sunday of Pascha,Acts 27.1-44,John 17.18-26,,,
2024-06-21,slavic,Friday of the 7th Sunday of Pascha,Acts 27.1-44,John 17.18-26,,,
2024-06-22,greek,Saturday of the 7th Sunday of Pascha,"Acts 28.1-31 || 1 Thessalonians 4.13-17 ~ Departed || 1 Corinthians 15.47-57 ~ Departed, variant","John 21.15-25 || John 5.24-30 ~ Departed || John 6.35-39 ~ Departed, variant",,,
2024-06-22,slavic,Saturday of the 7th Sunday of Pascha,"Acts 28.1-31 || 1 Thessalonians 4.13-17 ~ Departed || 1 Corinthians 15.47-57 ~ Departed, variant","John 21.15-25 || John 5.24-30 ~ Departed || John 6.35-39 ~ Departed, variant",,,
2024-06-23,greek,8th Sunday of Pascha: Feast of the Holy Trinity,Acts 2.1-11,"John 7.37-52, 8.12",John 20.19-23,"Numbers 11.16-17, 24-29 || Joel 2.23-32 || Ezekiel 36.24-28",
2024-06-23,slavic,8th Sunday of Pascha: Feast of the Holy Trinity,Acts 2.1-11,"John 7.37-52, 8.12",John 20.19-23,"Numbers 11.16-17, 24-29 || Joel 2.23-32 || Ezekiel 36.24-28",
2024-06-24,greek,Monday of the 1st week after Pentecost,Ephesians 5.8-19 || Romans 13.11-14.4 ~ Forerunner,"Matthew 18.10-20 || Luke 1.1-15, 57-68, 76, 80 ~ Forerunner","Luke 1.24-25, 57-68, 76, 80","Composite 10 - Genesis 17.15-17, 19; 18.11-14; 21.1-8 || Composite 11 - Judges 13.2-8, 13-14, 17-18, 21 || Composite 8 - Isaiah 40, 41, 45, 48, 54",
2024-06-24,slavic,Monday of the 1st week after Pentecost,"Ephesians 5.8-19 || Acts 11.19-26, 29-30 ~ Apostles",Matthew 18.10-20 || Luke 10.16-21 ~ Apostles,John 21.15-25,1 Peter 1.3-9 || 1 Peter 1.13-19 || 1 Peter 2.11-24,
2024-06-25,greek,Tuesday of the 1st week after Pentecost,"Romans 1.1-7, 13-17",Matthew 4.25-5.13,,,
2024-06-25,slavic,Tuesday of the 1st week after Pentecost,"Romans 1.1-7, 13-17",Matthew 4.25-5.13,,,
2024-06-26,greek,Wednesday of the 1st week after Pentecost,Romans 1.18-27,Matthew 5.20-26,,,
2024-06-26,slavic,Wednesday of the 1st week after Pentecost,Romans 1.18-27,Matthew 5.20-26,,,
2024-06-27,greek,Thursday of the 1st week after Pentecost,Romans 1.28-2.9,Matthew 5.27-32,,,
2024-06-27,slavic,Thursday of the 1st week after Pentecost,Romans 1.28-2.9,Matthew 5.27-32,,,
2024-06-28,greek,Friday of the 1st week after Pentecost,Romans 2.14-29,Matthew 5.33-41,,,
2024-06-28,slavic,Friday of the 1st week after Pentecost,Romans 2.14-29,Matthew 5.33-41,,,
2024-06-29,greek,Saturday of the 1st week after Pentecost,Romans 1.7-12 || 2 Corinthians 11.21-12.9 ~ Apostles,Matthew 5.42-48 || Matthew 16.13-19 ~ Apostles,John 21.15-25,1 Peter 1.3-9 || 1 Peter 1.13-19 || 1 Peter 2.11-24,
2024-06-29,slavic,Saturday of the 1st week after Pentecost,Romans 1.7-12,Matthew 5.42-48,,,
2024-06-30,greek,1st Sunday after Pentecost,Hebrews 11.33-12.2 || 1 Corinthians 4.9-16 ~ Apostles || 1 Corinthians 4.9-16 ~ Synaxis of the Twelve Apostles,"Matthew 10.32-33, 37-38, 19.27-30 || Mark 3.13-19 ~ Apostles || Matthew 9.36-10.8 ~ Synaxis of the Twelve Apostles",1st Matins Gospel :: Matthew 28.16-20,Isaiah 43.9-14 || Wisdom of Solomon 3.1-9 || Wisdom of Solomon 5.15-6.3,
2024-06-30,slavic,1st Sunday after Pentecost,Hebrews 11.33-12.2,"Matthew 10.32-33, 37-38, 19.27-30",1st Matins Gospel :: Matthew 28.16-20,Isaiah 43.9-14 || Wisdom of Solomon 3.1-9 || Wisdom of Solomon 5.15-6.3,
2024-07-01,greek,Monday of the 2nd week after Pentecost,Romans 2.28-3.18 || 1 Corinthians 12.27-13.8 ~ Cosmas & Damian,"Matthew 6.31-34, 7.9-11 || Matthew 10.1, 5-8 ~ Cosmas & Damian",,,
2024-07-01,slavic,Monday of the 2nd week after Pentecost,Romans 2.28-3.18,"Matthew 6.31-34, 7.9-11",,,
2024-07-02,greek,Tuesday of the 2nd week after Pentecost,Romans 4.4-12 || Hebrews 9.1-7 ~ Deposition of the Robe,"Matthew 7.15-21 || Luke 1.39-49, 56 ~ Deposition of the Robe",,,
2024-07-02,slavic,Tuesday of the 2nd week after Pentecost,Romans 4.4-12 || Jude 1-10 ~ St Jude,Matthew 7.15-21 || John 14.21-24 ~ St Jude,John 21.15-25,Jude 1-10 || Jude 11-16 || Jude 17-25,
2024-07-03,greek,Wednesday of the 2nd week after Pentecost,Romans 4.13-25,Matthew 7.21-23,,,
2024-07-03,slavic,Wednesday of the 2nd week after Pentecost,Romans 4.13-25,Matthew 7.21-23,,,
2024-07-04,greek,Thursday of the 2nd week after Pentecost,Romans 5.10-16,Matthew 8.23-27,,,
2024-07-04,slavic,Thursday of the 2nd week after Pentecost,Romans 5.10-16,Matthew 8.23-27,,,
2024-07-05,greek,Friday of the 2nd week after Pentecost,Romans 5.17-6.2,Matthew 9.14-17,,,
2024-07-05,slavic,Friday of the 2nd week after Pentecost,Romans 5.17-6.2,Matthew 9.14-17,,,
2024-07-06,greek,Saturday of the 2nd week after Pentecost,Romans 3.19-26,Matthew 7.1-8,,,
2024-07-06,slavic,Saturday of the 2nd week after Pentecost,Romans 3.19-26,Matthew 7.1-8,,,
2024-07-07,greek,2nd Sunday after Pentecost,Romans 2.10-16 || Hebrews 11.33-12.2 ~ Saints || Galatians 3.23-4.5 ~ Kyriake,Matthew 4.18-23 || Matthew 4.25-5.12 ~ Saints || Mark 5.24-34 ~ Kyriake,2nd Matins Gospel :: Mark 16.1-8,Isaiah 43.9-14 || Wisdom of Solomon 3.1-9 || Wisdom of Solomon 5.15-6.3,
2024-07-07,slavic,2nd Sunday after Pentecost,Romans 2.10-16 || Hebrews 11.33-12.2 ~ Saints || Romans 13.11-14.4 ~ Forerunner,"Matthew 4.18-23 || Matthew 4.25-5.12 ~ Saints || Luke 1.1-25, 57-68, 76, 80 ~ Forerunner",2nd Matins Gospel :: Mark 16.1-8,"Isaiah 43.9-14 || Wisdom of Solomon 3.1-9 || Wisdom of Solomon 5.15-6.3 || Composite 10 - Genesis 17.15-17, 19; 18.11-14; 21.1-8 || Composite 11 - Judges 13.2-8, 13-14, 17-18, 21 || Composite 8 - Isaiah 40, 41, 45, 48, 54",
2024-07-08,greek,Monday of the 3rd week after Pentecost,Romans 7.1-13 || 1 Timothy 4.9-15 ~ Procopius,"Matthew 9.36-10.8 || Luke 6.17-19, 9.1-2, 10.16-21 ~ Procopius",,,
2024-07-08,slavic,Monday of the 3rd week after Pentecost,Romans 7.1-13,Matthew 9.36-10.8,,,
2024-07-09,greek,Tuesday of the 3rd week after Pentecost,Romans 7.14-8.2,Matthew 10.9-15,,,
2024-07-09,slavic,Tuesday of the 3rd week after Pentecost,Romans 7.14-8.2,Matthew 10.9-15,,,
2024-07-10,greek,Wednesday of the 3rd week after Pentecost,Romans 8.2-13 || Galatians 5.22-6.2 ~ St Anthony,Matthew 10.16-22 || Matthew 4.25-5.12 ~ St Anthony,Matthew 11.27-30,Wisdom of Solomon 3.1-9 || Wisdom of Solomon 5.15-6.3 || Wisdom of Solomon 4.7-15,
2024-07-10,slavic,Wednesday of the 3rd week after Pentecost,Romans 8.2-13,Matthew 10.16-22,,,
2024-07-11,greek,Thursday of the 3rd week after Pentecost,Romans 8.22-27 || 2 Corinthians 6.1-10 ~ Euphemia (July),Matthew 10.23-31 || Luke 7.36-50 ~ Euphemia (July),,,
2024-07-11,slavic,Thursday of the 3rd week after Pentecost,Romans 8.22-27,Matthew 10.23-31,,,
2024-07-12,greek,Friday of the 3rd week after Pentecost,Romans 9.6-19,"Matthew 10.32-36, 11.1",,,
2024-07-12,slavic,Friday of the 3rd week after Pentecost,Romans 9.6-19 || 2 Corinthians 11.21-12.9 ~ Apostles,"Matthew 10.32-36, 11.1 || Matthew 16.13-19 ~ Apostles",John 21.15-25,1 Peter 1.3-9 || 1 Peter 1.13-19 || 1 Peter 2.11-24,
2024-07-13,greek,Saturday of the 3rd week after Pentecost,Romans 3.28-4.3,Matthew 7.24-8.4 || Luke 10.16-21 ~ Synaxis of Archangel Gabriel,,,
2024-07-13,slavic,Saturday of the 3rd week after Pentecost,Romans 3.28-4.3 || 1 Corinthians 4.9-16 ~ Apostles,Matthew 7.24-8.4 || Mark 3.13-19 ~ Apostles,,,
2024-07-14,greek,3rd Sunday after Pentecost,Romans 5.1-10 || Titus 3.8-15 ~ Fathers || Romans 16.1-16 ~ Apostle Aquila of the 70,Matthew 6.22-33 || Matthew 5.14-19 ~ Fathers,3rd Matins Gospel :: Mark 16.9-20,"Genesis 14.14-20 ~ Fathers || Deuteronomy 1.8-11, 15-17 ~ Fathers || Deuteronomy 10.14-21 ~ Fathers",
2024-07-14,slavic,3rd Sunday after Pentecost,Romans 5.1-10,Matthew 6.22-33,3rd Matins Gospel :: Mark 16.9-20,,
2024-07-15,greek,Monday of the 4th week after Pentecost,Romans 9.18-33 || Galatians 1.11-19 ~ St Vladimir || 1 Corinthians 13.11-14.5 ~ Cyricus & Julitta,Matthew 11.2-15 || John 10.1-9 ~ St Vladimir || Matthew 17.24-18.4 ~ Cyricus & Julitta,John 10.9-16,"3[1] Kings 8.22-23, 27-30 ~ St Vladimir || Isaiah 61.10-62.5 ~ St Vladimir || Isaiah 60.1-16 ~ St Vladimir",
2024-07-15,slavic,Monday of the 4th week after Pentecost,Romans 9.18-33,Matthew 11.2-15,,,
2024-07-16,greek,Tuesday of the 4th week after Pentecost,Romans 10.11-11.2,Matthew 11.16-20,,,
2024-07-16,slavic,Tuesday of the 4th week after Pentecost,Romans 10.11-11.2,Matthew 11.16-20,,,
2024-07-17,greek,Wednesday of the 4th week after Pentecost,Romans 11.2-12 || Galatians 3.23-4.5 ~ Marina,Matthew 11.20-26 || Mark 5.24-34 ~ Marina,,,
2024-07-17,slavic,Wednesday of the 4th week after Pentecost,Romans 11.2-12,Matthew 11.20-26,,,
2024-07-18,greek,Thursday of the 4th week after Pentecost,Romans 11.13-24,Matthew 11.27-30,,,
2024-07-18,slavic,Thursday of the 4th week after Pentecost,Romans 11.13-24 || Galatians 5.22-6.2 ~ either Saint,Matthew 11.27-30 || Luke 6.17-23 ~ either Saint,Matthew 11.27-30 ~ either Saint,"Wisdom of Solomon 3.1-9 ~ Athanasius || Wisdom of Solomon 5.15-6.3 ~ Athanasius || Wisdom of Solomon 4.7-15 ~ Athanasius || Composite 2 - Proverbs 10, 3, 8 ~ Sergius || Proverbs 10.31-11.12 ~ Sergius || Wisdom of Solomon 3.1-9 ~ Sergius",
2024-07-19,greek,Friday of the 4th week after Pentecost,Romans 11.25-36 || Galatians 5.22-6.2 ~ St Seraphim,Matthew 12.1-8 || Luke 6.17-23 ~ St Seraphim,Matthew 11.27-30,Wisdom of Solomon 3.1-9 || Wisdom of Solomon 5.15-6.3 || Wisdom of Solomon 4.7-15,
2024-07-19,slavic,Friday of the 4th week after Pentecost,Romans 11.25-36,Matthew 12.1-8,,,
2024-07-20,greek,Saturday of the 4th week after Pentecost,Romans 6.11-17 || James 5.10-20 ~ Prophet Elijah,Matthew 8.14-23 || Luke 4.22-30 ~ Prophet Elijah,Luke 4.22-30,"Composite 12 - 3 [1] Kings 17.1-23 || Composite 13 - 3 [1] Kings 18, 19 || Composite 14 - 3 [1] Kings 19.19, 20, 21; 4 [2] Kings 2.1,6-14",
2024-07-20,slavic,Saturday of the 4th week after Pentecost,Romans 6.11-17,Matthew 8.14-23,,,
2024-07-21,greek,4th Sunday after Pentecost,Romans 6.18-23,Matthew 8.5-13,4th Matins Gospel :: Luke 24.1-12,,
2024-07-21,slavic,4th Sunday after Pentecost,Romans 6.18-23,Matthew 8.5-13,4th Matins Gospel :: Luke 24.1-12,,
2024-07-22,greek,Monday of the 5th week after Pentecost,"Romans 12.4-5, 15-21 || 1 Corinthians 9.2-12 ~ Mary Magdalene",Matthew 12.9-13 || Luke 8.1-3 ~ Mary Magdalene,,,
2024-07-22,slavic,Monday of the 5th week after Pentecost,"Romans 12.4-5, 15-21",Matthew 12.9-13,,,
2024-07-23,greek,Tuesday of the 5th week after Pentecost,Romans 14.9-18,"Matthew 12.14-16, 22-30",,,
2024-07-23,slavic,Tuesday of the 5th week after Pentecost,Romans 14.9-18 || Galatians 5.22-6.2 ~ St Anthony,"Matthew 12.14-16, 22-30 || Matthew 4.25-5.12 ~ St Anthony",Matthew 11.27-30,Wisdom of Solomon 3.1-9 || Wisdom of Solomon 5.15-6.3 || Wisdom of Solomon 4.7-15,
2024-07-24,greek,Wednesday of the 5th week after Pentecost,Romans 15.7-16 || Romans 8.28-39 ~ Boris and Gleb,Matthew 12.38-45 || John 15.17-16.2 ~ Boris and Gleb,Luke 21.12-19,Isaiah 43.9-14 || Wisdom of Solomon 3.1-9 || Wisdom of Solomon 4.7-15,
2024-07-24,slavic,Wednesday of the 5th week after Pentecost,Romans 15.7-16,Matthew 12.38-45,,,
2024-07-25,greek,Thursday of the 5th week after Pentecost,Romans 15.17-29 || Galatians 4.22-31 ~ St Anna,Matthew 12.46-13.3 || Luke 8.16-21 ~ St Anna,,,
2024-07-25,slavic,Thursday of the 5th week after Pentecost,Romans 15.17-29,Matthew 12.46-13.3,,,
2024-07-26,greek,Friday of the 5th week after Pentecost,Romans 16.1-16 || Philippians 3.7-14 ~ St Jacob || Galatians 3.23-4.5 ~ Paraskeve,"Matthew 13.3-9 || Mark 10.29-31, 42-45 ~ St Jacob || Mark 5.24-34 ~ Paraskeve",John 10.9-16,Wisdom of Solomon 5.15-6.3 || 1 John 4.1-6 || 1 John 4.20-5.5,
2024-07-26,slavic,Friday of the 5th week after Pentecost,Romans 16.1-16,Matthew 13.3-9,,,
2024-07-27,greek,Saturday of the 5th week after Pentecost,Romans 8.14-21 || 2 Timothy 2.1-10 ~ St Panteleimon,Matthew 9.9-13 || John 15.17-16.2 ~ St Panteleimon,,,
2024-07-27,slavic,Saturday of the 5th week after Pentecost,Romans 8.14-21,Matthew 9.9-13,,,
2024-07-28,greek,5th Sunday after Pentecost,"Romans 10.1-10 || Acts 6.1-7 ~ Apostles Prochorus, Nicanor, Timon, Parmenas",Matthew 8.28-9.1,5th Matins Gospel :: Luke 24.12-35,,
2024-07-28,slavic,5th Sunday after Pentecost,Romans 10.1-10 || Hebrews 13.7-16 ~ Fathers || Galatians 1.11-19 ~ St Vladimir,Matthew 8.28-9.1 || John 17.1-13 ~ Fathers || John 10.1-9 ~ St Vladimir,5th Matins Gospel :: Luke 24.12-35,"Genesis 14.14-20 ~ Fathers || Deuteronomy 1.8-11, 15-17 ~ Fathers || Deuteronomy 10.14-21 ~ Fathers || 3[1] Kings 8.22-23, 27-30 ~ St Vladimir || Isaiah 61.10-62.5 ~ St Vladimir || Isaiah 60.1-16 ~ St Vladimir",
2024-07-29,greek,Monday of the 6th week after Pentecost,Romans 16.17-24,Matthew 13.10-23,,,
2024-07-29,slavic,Monday of the 6th week after Pentecost,Romans 16.17-24,Matthew 13.10-23,,,
2024-07-30,greek,Tuesday of the 6th week after Pentecost,1 Corinthians 1.1-9 || Acts 15.35-41 ~ Apostles Silas & Silvanus,Matthew 13.24-30,,,
2024-07-30,slavic,Tuesday of the 6th week after Pentecost,1 Corinthians 1.1-9,Matthew 13.24-30,,,
2024-07-31,greek,Wednesday of the 6th week after Pentecost,1 Corinthians 2.9-3.8,Matthew 13.31-36,,,
2024-07-31,slavic,Wednesday of the 6th week after Pentecost,1 Corinthians 2.9-3.8,Matthew 13.31-36,,,
2024-08-01,greek,Thursday of the 6th week after Pentecost,1 Corinthians 3.18-23 || 1 Corinthians 1.18-24 ~ Cross || Hebrews 11.33-12.2 ~ Holy Maccabee Children || Hebrews 2.11-18 ~ At the Blessing of Waters,"Matthew 13.36-43 || John 19.6-11, 13-20, 25-28, 30-35 ~ Cross || Matthew 10.16-22 ~ Holy Maccabee Children || John 5.1-4 ~ At the Blessing of Waters",,,
2024-08-01,slavic,Thursday of the 6th week after Pentecost,1 Corinthians 3.18-23 || Galatians 5.22-6.2 ~ St Seraphim,Matthew 13.36-43 || Luke 6.17-23 ~ St Seraphim,Matthew 11.27-30,Wisdom of Solomon 3.1-9 || Wisdom of Solomon 5.15-6.3 || Wisdom of Solomon 4.7-15,
2024-08-02,greek,Friday of the 6th week after Pentecost,1 Corinthians 4.5-8,Matthew 13.44-54,,,
2024-08-02,slavic,Friday of the 6th week after Pentecost,1 Corinthians 4.5-8 || James 5.10-20 ~ Prophet Elijah,Matthew 13.44-54 || Luke 4.22-30 ~ Prophet Elijah,Luke 4.22-30,"Composite 12 - 3 [1] Kings 17.1-23 || Composite 13 - 3 [1] Kings 18, 19 || Composite 14 - 3 [1] Kings 19.19, 20, 21; 4 [2] Kings 2.1,6-14",
2024-08-03,greek,Saturday of the 6th week after Pentecost,Romans 9.1-5,Matthew 9.18-26,,,
2024-08-03,slavic,Saturday of the 6th week after Pentecost,Romans 9.1-5,Matthew 9.18-26,,,
2024-08-04,greek,6th Sunday after Pentecost,Romans 12.6-14,Matthew 9.1-8,6th Matins Gospel :: Luke 24.36-53,,
2024-08-04,slavic,6th Sunday after Pentecost,Romans 12.6-14,Matthew 9.1-8,6th Matins Gospel :: Luke 24.36-53,,
2024-08-05,greek,Monday of the 7th week after Pentecost,"1 Corinthians 5.9-6.11 || 1 Peter 1.1-25, 2.1-10 ~ Martyr Eusignius",Matthew 13.54-58,,,
2024-08-05,slavic,Monday of the 7th week after Pentecost,1 Corinthians 5.9-6.11,Matthew 13.54-58,,,
2024-08-06,greek,Tuesday of the 7th week after Pentecost,2 Peter 1.10-19 ~ Transfiguration || 1 Corinthians 6.20-7.12,Matthew 17.1-9 ~ Transfiguration || Matthew 14.1-13,Luke 9.28-36,"Exodus 24.12-18 || Composite 15 - Exodus 33.11-23; 34.4-6, 8 || Composite 23 - 3 [1] Kings 19.3-9, 11-13, 15, 16",
2024-08-06,slavic,Tuesday of the 7th week after Pentecost,1 Corinthians 6.20-7.12 || Romans 8.28-39 ~ Boris and Gleb,Matthew 14.1-13 || John 15.17-16.2 ~ Boris and Gleb,Luke 21.12-19,Isaiah 43.9-14 || Wisdom of Solomon 3.1-9 || Wisdom of Solomon 4.7-15,
2024-08-07,greek,Wednesday of the 7th week after Pentecost,1 Corinthians 7.12-24,Matthew 14.35-15.11 || Mark 9.2-9 ~ Afterfeast of Transfiguration,,,
2024-08-07,slavic,Wednesday of the 7th week after Pentecost,1 Corinthians 7.12-24 || Galatians 4.22-31 ~ St Anna,Matthew 14.35-15.11 || Luke 8.16-21 ~ St Anna,,,
2024-08-08,greek,Thursday of the 7th week after Pentecost,1 Corinthians 7.24-35,Matthew 15.12-21,,,
2024-08-08,slavic,Thursday of the 7th week after Pentecost,1 Corinthians 7.24-35 || Philippians 3.7-14 ~ St Jacob,"Matthew 15.12-21 || Mark 10.29-31, 42-45 ~ St Jacob",John 10.9-16,Wisdom of Solomon 5.15-6.3 || 1 John 4.1-6 || 1 John 4.20-5.5,
2024-08-09,greek,Friday of the 7th week after Pentecost,1 Corinthians 7.35-8.7,Matthew 15.29-31,,,
2024-08-09,slavic,Friday of the 7th week after Pentecost,1 Corinthians 7.35-8.7 || 2 Timothy 2.1-10 ~ St Panteleimon,Matthew 15.29-31 || John 15.17-16.2 ~ St Panteleimon,,,
2024-08-10,greek,Saturday of the 7th week after Pentecost,Romans 12.1-3,Matthew 10.37-11.1,,,
2024-08-10,slavic,Saturday of the 7th week after Pentecost,Romans 12.1-3,Matthew 10.37-11.1,,,
2024-08-11,greek,7th Sunday after Pentecost,Romans 15.1-7,Matthew 9.27-35,7th Matins Gospel :: John 20.1-10,,
2024-08-11,slavic,7th Sunday after Pentecost,Romans 15.1-7,Matthew 9.27-35,7th Matins Gospel :: John 20.1-10,,
2024-08-12,greek,Monday of the 8th week after Pentecost,1 Corinthians 9.13-18,Matthew 16.1-6,,,
2024-08-12,slavic,Monday of the 8th week after Pentecost,1 Corinthians 9.13-18,Matthew 16.1-6,,,
2024-08-13,greek,Tuesday of the 8th week after Pentecost,1 Corinthians 10.5-12 || Hebrews 7.26-8.2 ~ St Tikhon,Matthew 16.6-12 || Matthew 5.14-19 ~ St Tikhon,John 10.9-16,"Composite 2 - Proverbs 10, 3, 8 || Proverbs 10.31-11.12 || Wisdom of Solomon 4.7-15",
2024-08-13,slavic,Tuesday of the 8th week after Pentecost,1 Corinthians 10.5-12,Matthew 16.6-12,,,
2024-08-14,greek,Wednesday of the 8th week after Pentecost,1 Corinthians 10.12-22,Matthew 16.20-24,,,
2024-08-14,slavic,Wednesday of the 8th week after Pentecost,1 Corinthians 10.12-22 || 1 Corinthians 1.18-24 ~ Cross || Hebrews 11.33-12.2 ~ Martyrs || Hebrews 2.11-18 ~ At the Blessing of Waters,"Matthew 16.20-24 || John 19.6-11, 13-20, 25-28, 30-35 ~ Cross || Matthew 10.32-36, 11.1 ~ Martyrs || John 5.1-4 ~ At the Blessing of Waters",,,
2024-08-15,greek,Thursday of the 8th week after Pentecost,Philippians 2.5-11 ~ Dormition || 1 Corinthians 10.28-11.7,"Luke 10.38-42, 11.27-28 ~ Dormition || Matthew 16.24-28","Luke 1.39-49, 56",Genesis 28.10-17 || Ezekiel 43.27-44.4 || Proverbs 9.1-11,
2024-08-15,slavic,Thursday of the 8th week after Pentecost,1 Corinthians 10.28-11.7,Matthew 16.24-28,,,
2024-08-16,greek,Friday of the 8th week after Pentecost,1 Corinthians 11.8-22 || Colossians 1.12-18 ~ Image,"Matthew 17.10-18 || Luke 9.51-56, 10.22-24 ~ Image",,,
2024-08-16,slavic,Friday of the 8th week after Pentecost,1 Corinthians 11.8-22,Matthew 17.10-18,,,
2024-08-17,greek,Saturday of the 8th week after Pentecost,Romans 13.1-10,Matthew 12.30-37,,,
2024-08-17,slavic,Saturday of the 8th week after Pentecost,Romans 13.1-10,Matthew 12.30-37,,,
2024-08-18,greek,8th Sunday after Pentecost,1 Corinthians 1.10-18,Matthew 14.14-22,8th Matins Gospel :: John 20.11-18,,
2024-08-18,slavic,8th Sunday after Pentecost,1 Corinthians 1.10-18,Matthew 14.14-22,8th Matins Gospel :: John 20.11-18,,
2024-08-19,greek,Monday of the 9th week after Pentecost,1 Corinthians 11.31-12.6,Matthew 18.1-11,,,
2024-08-19,slavic,Monday of the 9th week after Pentecost,2 Peter 1.10-19 ~ Transfiguration || 1 Corinthians 11.31-12.6,Matthew 17.1-9 ~ Transfiguration || Matthew 18.1-11,Luke 9.28-36,"Exodus 24.12-18 || Composite 15 - Exodus 33.11-23; 34.4-6, 8 || Composite 23 - 3 [1] Kings 19.3-9, 11-13, 15, 16",
2024-08-20,greek,Tuesday of the 9th week after Pentecost,1 Corinthians 12.12-26,"Matthew 18.18-22, 19.1-2, 13-15",,,
2024-08-20,slavic,Tuesday of the 9th week after Pentecost,1 Corinthians 12.12-26,"Matthew 18.18-22, 19.1-2, 13-15",,,
2024-08-21,greek,Wednesday of the 9th week after Pentecost,1 Corinthians 13.4-14.5,Matthew 20.1-16 || Mark 3.13-21 ~ Thaddaeus,,,
2024-08-21,slavic,Wednesday of the 9th week after Pentecost,1 Corinthians 13.4-14.5,Matthew 20.1-16,,,
2024-08-22,greek,Thursday of the 9th week after Pentecost,1 Corinthians 14.6-19,Matthew 20.17-28,,,
2024-08-22,slavic,Thursday of the 9th week after Pentecost,1 Corinthians 14.6-19 || Galatians 5.22-6.2 ~ St Herman,Matthew 20.17-28 || Luke 6.17-23 ~ St Herman,Matthew 11.27-30,Wisdom of Solomon 3.1-9 || Wisdom of Solomon 5.15-6.3 || Wisdom of Solomon 4.7-15,
2024-08-23,greek,Friday of the 9th week after Pentecost,1 Corinthians 14.26-40 || Philippians 2.5-11 ~ Theotokos,"Matthew 21.12-14, 17-20 || Luke 10.38-42, 11.27-28 ~ Theotokos",,,
2024-08-23,slavic,Friday of the 9th week after Pentecost,1 Corinthians 14.26-40,"Matthew 21.12-14, 17-20",,,
2024-08-24,greek,Saturday of the 9th week after Pentecost,Romans 14.6-9,Matthew 15.32-39,,,
2024-08-24,slavic,Saturday of the 9th week after Pentecost,Romans 14.6-9,Matthew 15.32-39,,,
2024-08-25,greek,9th Sunday after Pentecost,"1 Corinthians 3.9-17 || Titus 1.1-5, 2.15, 3.1-2, 12-15 ~ Bartholomew relics",Matthew 14.22-34 || Matthew 5.14-19 ~ Bartholomew relics,9th Matins Gospel :: John 20.19-31,,
2024-08-25,slavic,9th Sunday after Pentecost,1 Corinthians 3.9-17,Matthew 14.22-34,9th Matins Gospel :: John 20.19-31,,
2024-08-26,greek,Monday of the 10th week after Pentecost,1 Corinthians 15.12-19 || Hebrews 10.32-38 ~ Adrian & Natalia,Matthew 21.18-22,,,
2024-08-26,slavic,Monday of the 10th week after Pentecost,1 Corinthians 15.12-19 || Hebrews 7.26-8.2 ~ St Tikhon,Matthew 21.18-22 || Matthew 5.14-19 ~ St Tikhon,John 10.9-16,"Composite 2 - Proverbs 10, 3, 8 || Proverbs 10.31-11.12 || Wisdom of Solomon 4.7-15",
2024-08-27,greek,Tuesday of the 10th week after Pentecost,1 Corinthians 15.29-38,Matthew 21.23-27,,,
2024-08-27,slavic,Tuesday of the 10th week after Pentecost,1 Corinthians 15.29-38,Matthew 21.23-27,,,
2024-08-28,greek,Wednesday of the 10th week after Pentecost,1 Corinthians 16.4-12 || Galatians 5.22-6.2 ~ St Job,Matthew 21.28-32 || Luke 6.17-23 ~ St Job,Matthew 11.27-30,Wisdom of Solomon 3.1-9 || Wisdom of Solomon 5.15-6.3 || Wisdom of Solomon 4.7-15,
2024-08-28,slavic,Wednesday of the 10th week after Pentecost,Philippians 2.5-11 ~ Dormition || 1 Corinthians 16.4-12,"Luke 10.38-42, 11.27-28 ~ Dormition || Matthew 21.28-32","Luke 1.39-49, 56",Genesis 28.10-17 || Ezekiel 43.27-44.4 || Proverbs 9.1-11,
2024-08-29,greek,Thursday of the 10th week after Pentecost,2 Corinthians 1.1-7 || Acts 13.25-32 ~ Forerunner,Matthew 21.43-46 || Mark 6.14-30 ~ Forerunner,Matthew 14.1-13,"Composite 8 - Isaiah 40, 41, 45, 48, 54 || Composite 9 - Malachi 3, 4 || Composite 3 - Wisdom of Solomon 4, 5",
2024-08-29,slavic,Thursday of the 10th week after Pentecost,2 Corinthians 1.1-7 || Colossians 1.12-18 ~ Image,"Matthew 21.43-46 || Luke 9.51-56, 10.22-24 ~ Image",,,
2024-08-30,greek,Friday of the 10th week after Pentecost,2 Corinthians 1.12-20,Matthew 22.23-33,,,
2024-08-30,slavic,Friday of the 10th week after Pentecost,2 Corinthians 1.12-20,Matthew 22.23-33,,,
2024-08-31,greek,Saturday of the 10th week after Pentecost,Romans 15.30-33,Matthew 17.24-18.4,,,
2024-08-31,slavic,Saturday of the 10th week after Pentecost,Romans 15.30-33,Matthew 17.24-18.4,,,
2024-09-01,greek,10th Sunday after Pentecost,1 Corinthians 4.9-16 || 1 Timothy 2.1-7 ~ New Year || Colossians 3.12-16 ~ St Simeon,Matthew 17.14-23 || Luke 4.16-22 ~ New Year || Matthew 11.27-30 ~ St Simeon,10th Matins Gospel :: John 21.1-14,Isaiah 61.1-9 || Composite 24 - Leviticus 26 || Wisdom of Solomon 4.7-15,
2024-09-01,slavic,10th Sunday after Pentecost,1 Corinthians 4.9-16,Matthew 17.14-23,10th Matins Gospel :: John 21.1-14,,
2024-09-02,greek,Monday of the 11th week after Pentecost,2 Corinthians 2.3-15 || Romans 8.28-39 ~ Anthony & Theodosius of Kiev Caves,Matthew 23.13-22,,,
2024-09-02,slavic,Monday of the 11th week after Pentecost,2 Corinthians 2.3-15,Matthew 23.13-22,,,
2024-09-03,greek,Tuesday of the 11th week after Pentecost,2 Corinthians 2.14-3.3,Matthew 23.23-28,,,
2024-09-03,slavic,Tuesday of the 11th week after Pentecost,2 Corinthians 2.14-3.3,Matthew 23.23-28,,,
2024-09-04,greek,Wednesday of the 11th week after Pentecost,2 Corinthians 3.4-11,Matthew 23.29-39,,,
2024-09-04,slavic,Wednesday of the 11th week after Pentecost,2 Corinthians 3.4-11,Matthew 23.29-39,,,
2024-09-05,greek,Thursday of the 11th week after Pentecost,2 Corinthians 4.1-6,Matthew 24.13-28 || Matthew 23.29-39 ~ Zacharias,,,
2024-09-05,slavic,Thursday of the 11th week after Pentecost,2 Corinthians 4.1-6 || Philippians 2.5-11 ~ Theotokos,"Matthew 24.13-28 || Luke 10.38-42, 11.27-28 ~ Theotokos",,,
2024-09-06,greek,Friday of the 11th week after Pentecost,2 Corinthians 4.13-18,"Matthew 24.27-33, 42-51",,,
2024-09-06,slavic,Friday of the 11th week after Pentecost,2 Corinthians 4.13-18,"Matthew 24.27-33, 42-51",,,
2024-09-07,greek,Saturday of the 11th week after Pentecost,1 Corinthians 2.6-9 ~ Saturday before Elevation || 1 Corinthians 1.3-9,Matthew 10.37-11.1 ~ Saturday before Elevation || Matthew 19.3-12,,,
2024-09-07,slavic,Saturday of the 11th week after Pentecost,1 Corinthians 1.3-9,Matthew 19.3-12,,,
2024-09-08,greek,11th Sunday after Pentecost,Galatians 6.11-18 ~ Sunday before Elevation || Philippians 2.5-11 ~ Theotokos || 1 Corinthians 9.2-12,"John 3.13-17 ~ Sunday before Elevation || Luke 10.38-42, 11.27-28 ~ Theotokos || Matthew 18.23-35","Luke 1.39-49, 56",Genesis 28.10-17 || Ezekiel 43.27-44.4 || Proverbs 9.1-11,
2024-09-08,slavic,11th Sunday after Pentecost,1 Corinthians 9.2-12,Matthew 18.23-35,11th Matins Gospel :: John 21.15-25,,
2024-09-09,greek,Monday of the 12th week after Pentecost,2 Corinthians 5.10-15 || Galatians 4.22-27 ~ Joachim & Anna,Mark 1.9-15 || Luke 8.16-21 ~ Joachim & Anna,,,
2024-09-09,slavic,Monday of the 12th week after Pentecost,2 Corinthians 5.10-15,Mark 1.9-15,,,
2024-09-10,greek,Tuesday of the 12th week after Pentecost,2 Corinthians 5.15-21,"Mark 1.16-22 || John 3.16-21 ~ Menodora, Metrodora, Nymphodora",,,
2024-09-10,slavic,Tuesday of the 12th week after Pentecost,2 Corinthians 5.15-21 || Galatians 5.22-6.2 ~ St Job,Mark 1.16-22 || Luke 6.17-23 ~ St Job,Matthew 11.27-30,Wisdom of Solomon 3.1-9 || Wisdom of Solomon 5.15-6.3 || Wisdom of Solomon 4.7-15,
2024-09-11,greek,Wednesday of the 12th week after Pentecost,2 Corinthians 6.11-16,Mark 1.23-28 || John 12.19-36 ~ Theodora of Alexandria,,,
2024-09-11,slavic,Wednesday of the 12th week after Pentecost,2 Corinthians 6.11-16 || Acts 13.25-33 ~ Forerunner,Mark 1.23-28 || Mark 6.14-30 ~ Forerunner,Matthew 14.1-13,"Composite 8 - Isaiah 40, 41, 45, 48, 54 || Composite 9 - Malachi 3, 4 || Composite 3 - Wisdom of Solomon 4, 5",
2024-09-12,greek,Thursday of the 12th week after Pentecost,2 Corinthians 7.1-10 || Philippians 2.5-11 ~ Theotokos,"Mark 1.29-35 || Luke 10.38-42, 11.27-28 ~ Theotokos",,,
2024-09-12,slavic,Thursday of the 12th week after Pentecost,2 Corinthians 7.1-10,Mark 1.29-35,,,
2024-09-13,greek,Friday of the 12th week after Pentecost,2 Corinthians 7.10-16 || Hebrews 3.1-4 ~ Church,Mark 2.18-22 || Matthew 16.13-18 ~ Church,,"3[1] Kings 8.22-23, 27-30 || Proverbs 3.19-34 || Proverbs 9.1-11",
2024-09-13,slavic,Friday of the 12th week after Pentecost,2 Corinthians 7.10-16,Mark 2.18-22,,,
2024-09-14,greek,Saturday of the 12th week after Pentecost,1 Corinthians 1.18-24 ~ Elevation || 1 Corinthians 1.26-29,"John 19.6-11, 13-20, 25-28, 30-35 ~ Elevation || Matthew 20.29-34",John 12.28-36,Exodus 15.22-16.1 || Proverbs 3.11-18 || Isaiah 60.11-16,
2024-09-14,slavic,Saturday of the 12th week after Pentecost,1 Corinthians 1.26-29 || 1 Timothy 2.1-7 ~ New Year || Colossians 3.12-16 ~ St Simeon,Matthew 20.29-34 || Luke 4.16-22 ~ New Year || Matthew 11.27-30 ~ St Simeon,,Isaiah 61.1-9 || Composite 24 - Leviticus 26 || Wisdom of Solomon 4.7-15,
2024-09-15,greek,12th Sunday after Pentecost,Galatians 2.16-20 ~ Sunday after Elevation || 1 Corinthians 15.1-11 || Colossians 1.24-2.1 ~ Nikitas,Mark 8.34-9.1 ~ Sunday after Elevation || Matthew 19.16-26 || Matthew 10.16-22 ~ Nikitas,1st Matins Gospel :: Matthew 28.16-20,,
2024-09-15,slavic,12th Sunday after Pentecost,1 Corinthians 15.1-11,Matthew 19.16-26,1st Matins Gospel :: Matthew 28.16-20,,
2024-09-16,greek,Monday of the 13th week after Pentecost,2 Corinthians 8.7-15 || 2 Corinthians 6.1-10 ~ Euphemia (September),Luke 3.19-22 || Luke 7.36-50 ~ Euphemia (September),,,
2024-09-16,slavic,Monday of the 13th week after Pentecost,2 Corinthians 8.7-15,Mark 3.6-12,,,
2024-09-17,greek,Tuesday of the 13th week after Pentecost,2 Corinthians 8.16-9.5,Luke 3.23-4.1,,,
2024-09-17,slavic,Tuesday of the 13th week after Pentecost,2 Corinthians 8.16-9.5,Mark 3.13-19,,,
2024-09-18,greek,Wednesday of the 13th week after Pentecost,2 Corinthians 9.12-10.7,Luke 4.1-15,,,
2024-09-18,slavic,Wednesday of the 13th week after Pentecost,2 Corinthians 9.12-10.7,Mark 3.19-27,,,
2024-09-19,greek,Thursday of the 13th week after Pentecost,2 Corinthians 10.7-18,Luke 4.16-22,,,
2024-09-19,slavic,Thursday of the 13th week after Pentecost,2 Corinthians 10.7-18,Mark 3.28-35,,,
2024-09-20,greek,Friday of the 13th week after Pentecost,2 Corinthians 11.5-21,Luke 4.22-30,,,
2024-09-20,slavic,Friday of the 13th week after Pentecost,2 Corinthians 11.5-21,Mark 4.1-9,,,
2024-09-21,greek,Saturday of the 13th week after Pentecost,1 Corinthians 1.26-29 ~ Saturday after Elevation || 1 Corinthians 2.6-9,John 8.21-30 ~ Saturday after Elevation || Luke 4.31-36,,,
2024-09-21,slavic,Saturday of the 13th week after Pentecost,Philippians 2.5-11 ~ Theotokos || 1 Corinthians 2.6-9,"Luke 10.38-42, 11.27-28 ~ Theotokos || Matthew 22.15-22","Luke 1.39-49, 56",Genesis 28.10-17 || Ezekiel 43.27-44.4 || Proverbs 9.1-11,
2024-09-22,greek,13th Sunday after Pentecost,1 Corinthians 16.13-24,Luke 5.1-11,2nd Matins Gospel :: Mark 16.1-8,,
2024-09-22,slavic,13th Sunday after Pentecost,Galatians 6.11-18 ~ Sunday before Elevation || 1 Corinthians 16.13-24,John 3.13-17 ~ Sunday before Elevation || Matthew 21.33-42,2nd Matins Gospel :: Mark 16.1-8,,
2024-09-23,greek,Monday of the 14th week after Pentecost,2 Corinthians 12.10-19 || Galatians 4.22-31 ~ Forerunner,Luke 4.37-44 || Luke 1.5-25 ~ Forerunner,,,
2024-09-23,slavic,Monday of the 14th week after Pentecost,2 Corinthians 12.10-19,Mark 4.10-23,,,
2024-09-24,greek,Tuesday of the 14th week after Pentecost,2 Corinthians 12.20-13.2 || Romans 8.28-39 ~ New Martyrs || 2 Timothy 3.10-15 ~ Myrtidiotissa Miracle,Luke 5.12-16 || Luke 21.12-19 ~ New Martyrs,Luke 12.2-12,Isaiah 43.9-14 || Wisdom of Solomon 3.1-9 || Wisdom of Solomon 5.15-6.3,
2024-09-24,slavic,Tuesday of the 14th week after Pentecost,2 Corinthians 12.20-13.2,Mark 4.24-34,,,
2024-09-25,greek,Wednesday of the 14th week after Pentecost,2 Corinthians 13.3-14 || Galatians 5.22-6.2 ~ St Sergius,Luke 5.33-39 || Luke 6.17-23 ~ St Sergius,Matthew 11.27-30,"Composite 2 - Proverbs 10, 3, 8 || Proverbs 10.31-11.12 || Wisdom of Solomon 3.1-9",
2024-09-25,slavic,Wednesday of the 14th week after Pentecost,2 Corinthians 13.3-14 || Philippians 2.5-11 ~ Theotokos,"Mark 4.35-41 || Luke 10.38-42, 11.27-28 ~ Theotokos",,,
2024-09-26,greek,Thursday of the 14th week after Pentecost,"Galatians 1.1-10, 20-2.5 || 1 John 4.12-19 ~ St John","Luke 6.12-19 || John 19.25-27, 21.24-25 ~ St John",John 21.15-25,1 John 3.21-4.6 || 1 John 4.11-16 || 1 John 4.20-5.5,
2024-09-26,slavic,Thursday of the 14th week after Pentecost,"1 Corinthians 2.6-9 ~ Saturday before Elevation || Galatians 1.1-10, 20-2.5 || Hebrews 3.1-4 ~ Church",Matthew 10.37-11.1 ~ Saturday before Elevation || Mark 5.1-20 || Matthew 16.13-18 ~ Church,,"3[1] Kings 8.22-23, 27-30 || Proverbs 3.19-34 || Proverbs 9.1-11",
2024-09-27,greek,Friday of the 14th week after Pentecost,Galatians 2.6-10,Luke 6.17-23,,,
2024-09-27,slavic,Friday of the 14th week after Pentecost,1 Corinthians 1.18-24 ~ Elevation || Galatians 2.6-10,"John 19.6-11, 13-20, 25-28, 30-35 ~ Elevation || Mark 5.22-24, 35-6.1",John 12.28-36,Exodus 15.22-16.1 || Proverbs 3.11-18 || Isaiah 60.11-16,
2024-09-28,greek,Saturday of the 14th week after Pentecost,1 Corinthians 4.1-5 || 2 Corinthians 4.6-15 ~ St Chariton,Luke 5.17-26 || Luke 6.17-23 ~ St Chariton,Matthew 4.25-5.12,Wisdom of Solomon 5.15-6.3 || Wisdom of Solomon 3.1-9 || Wisdom of Solomon 4.7-15,
2024-09-28,slavic,Saturday of the 14th week after Pentecost,1 Corinthians 1.26-29 ~ Saturday after Elevation || 1 Corinthians 4.1-5,John 8.21-30 ~ Saturday after Elevation || Matthew 23.1-12,,,
2024-09-29,greek,14th Sunday after Pentecost,2 Corinthians 1.21-2.4 || Galatians 5.22-6.2 ~ Cyriacos,Luke 6.31-36,3rd Matins Gospel :: Mark 16.9-20,,
2024-09-29,slavic,14th Sunday after Pentecost,Galatians 2.16-20 ~ Sunday after Elevation || 2 Corinthians 1.21-2.4,Mark 8.34-9.1 ~ Sunday after Elevation || Matthew 22.1-14,3rd Matins Gospel :: Mark 16.9-20,,
2024-09-30,greek,Monday of the 15th week after Pentecost,Galatians 2.11-16 || 1 Corinthians 16.13-24 ~ Hieromartyr Gregory of Armenia,Luke 6.24-30 || Matthew 24.42-47 ~ Hieromartyr Gregory of Armenia,,,
2024-09-30,slavic,Monday of the 15th week after Pentecost,Galatians 2.11-16,Luke 3.19-22,,,
2024-10-01,greek,Tuesday of the 15th week after Pentecost,Galatians 2.21-3.7 || Acts 9.10-19 ~ Ananias of the Seventy,Luke 6.37-45,,,
2024-10-01,slavic,Tuesday of the 15th week after Pentecost,Galatians 2.21-3.7,Luke 3.23-4.1,,,
2024-10-02,greek,Wednesday of the 15th week after Pentecost,Galatians 3.15-22 || 1 Timothy 1.12-17 ~ Cyprian,Luke 6.46-7.1,,,
2024-10-02,slavic,Wednesday of the 15th week after Pentecost,Galatians 3.15-22,Luke 4.1-15,,,
2024-10-03,greek,Thursday of the 15th week after Pentecost,Galatians 3.23-4.5 || Acts 17.16-34 ~ Dionysius the Areopagite,Luke 7.17-30,,,
2024-10-03,slavic,Thursday of the 15th week after Pentecost,Galatians 3.23-4.5,Luke 4.16-22,,,
2024-10-04,greek,Friday of the 15th week after Pentecost,Galatians 4.8-21,Luke 7.31-35,,,
2024-10-04,slavic,Friday of the 15th week after Pentecost,Galatians 4.8-21,Luke 4.22-30,,,
2024-10-05,greek,Saturday of the 15th week after Pentecost,1 Corinthians 4.17-5.5,Luke 5.27-32,,,
2024-10-05,slavic,Saturday of the 15th week after Pentecost,1 Corinthians 4.17-5.5,Luke 4.31-36,,,
2024-10-06,greek,15th Sunday after Pentecost,2 Corinthians 4.6-15 || 1 Corinthians 4.9-16 ~ Thomas the Apostle,Luke 7.11-16 || John 20.19-31 ~ Thomas the Apostle,4th Matins Gospel :: Luke 24.1-12,"Composite 2 - Proverbs 10, 3, 8 || Composite 3 - Wisdom of Solomon 4, 5 || Composite 4 - Proverbs 10; Wisdom of Solomon 6, 7, 8, 9",
2024-10-06,slavic,15th Sunday after Pentecost,2 Corinthians 4.6-15 || Galatians 4.22-31 ~ Forerunner,Luke 5.1-11 || Luke 1.5-25 ~ Forerunner,4th Matins Gospel :: Luke 24.1-12,,
2024-10-07,greek,Monday of the 16th week after Pentecost,Galatians 4.28-5.10,Luke 7.36-50,,,
2024-10-07,slavic,Monday of the 16th week after Pentecost,Galatians 4.28-5.10 || Romans 8.28-39 ~ New Martyrs,Luke 4.37-44 || Luke 21.12-19 ~ New Martyrs,Luke 12.2-12,Isaiah 43.9-14 || Wisdom of Solomon 3.1-9 || Wisdom of Solomon 5.15-6.3,
2024-10-08,greek,Tuesday of the 16th week after Pentecost,Galatians 5.11-21,Luke 8.1-3,,,
2024-10-08,slavic,Tuesday of the 16th week after Pentecost,Galatians 5.11-21 || Galatians 5.22-6.2 ~ St Sergius,Luke 5.12-16 || Luke 6.17-23 ~ St Sergius,Matthew 11.27-30,"Composite 2 - Proverbs 10, 3, 8 || Proverbs 10.31-11.12 || Wisdom of Solomon 3.1-9",
2024-10-09,greek,Wednesday of the 16th week after Pentecost,"Galatians 6.2-10 || 1 Corinthians 4.9-16 ~ James, Son of Alphaeus","Luke 8.22-25 || Matthew 9.36-10.8 ~ James, Son of Alphaeus",John 10.1-9,Wisdom of Solomon 3.1-9 || Wisdom of Solomon 5.15-6.3 || Wisdom of Solomon 4.7-15,
2024-10-09,slavic,Wednesday of the 16th week after Pentecost,Galatians 6.2-10 || 1 John 4.12-19 ~ St John,"Luke 5.33-39 || John 19.25-27, 21.24-25 ~ St John",John 21.15-25,1 John 3.21-4.6 || 1 John 4.11-16 || 1 John 4.20-5.5,
2024-10-10,greek,Thursday of the 16th week after Pentecost,Ephesians 1.1-9,Luke 9.7-11,,,
2024-10-10,slavic,Thursday of the 16th week after Pentecost,Ephesians 1.1-9,Luke 6.12-19,,,
2024-10-11,greek,Friday of the 16th week after Pentecost,Ephesians 1.7-17,Luke 9.12-18,,,
2024-10-11,slavic,Friday of the 16th week after Pentecost,Ephesians 1.7-17 || 2 Corinthians 4.6-15 ~ St Chariton,Luke 6.17-23 || Luke 6.17-23 ~ St Chariton,Matthew 4.25-5.12,Wisdom of Solomon 5.15-6.3 || Wisdom of Solomon 3.1-9 || Wisdom of Solomon 4.7-15,
2024-10-12,greek,Saturday of the 16th week after Pentecost,1 Corinthians 10.23-28,Luke 6.1-10,,,
2024-10-12,slavic,Saturday of the 16th week after Pentecost,1 Corinthians 10.23-28,Luke 5.17-26,,,
2024-10-13,greek,16th Sunday after Pentecost,2 Corinthians 6.1-10 || Titus 3.8-15 ~ Fathers,Luke 8.5-15 || Luke 8.5-15 ~ Fathers,5th Matins Gospel :: Luke 24.12-35,"Genesis 14.14-20 || Deuteronomy 1.8-11, 15-17 || Deuteronomy 10.14-21",
2024-10-13,slavic,16th Sunday after Pentecost,2 Corinthians 6.1-10,Luke 6.31-36,5th Matins Gospel :: Luke 24.12-35,,
2024-10-14,greek,Monday of the 17th week after Pentecost,Ephesians 1.22-2.3,Luke 9.18-22,,,
2024-10-14,slavic,Monday of the 17th week after Pentecost,Ephesians 1.22-2.3 || Hebrews 9.1-7 ~ Protection,"Luke 6.24-30 || Luke 10.38-42, 11.27-28 ~ Protection","Luke 1.39-49, 56",Genesis 28.10-17 || Ezekiel 43.27-44.4 || Proverbs 9.1-11,
2024-10-15,greek,Tuesday of the 17th week after Pentecost,Ephesians 2.19-3.7,Luke 9.23-27,,,
2024-10-15,slavic,Tuesday of the 17th week after Pentecost,Ephesians 2.19-3.7,Luke 6.37-45,,,
2024-10-16,greek,Wednesday of the 17th week after Pentecost,Ephesians 3.8-21,Luke 9.44-50 || Matthew 27.33-54 ~ Longinus the Centurion,,,
2024-10-16,slavic,Wednesday of the 17th week after Pentecost,Ephesians 3.8-21,Luke 6.46-7.1,,,
2024-10-17,greek,Thursday of the 17th week after Pentecost,Ephesians 4.14-19 || Romans 9.18-33 ~ Prophet Hosea,Luke 9.49-56,,,
2024-10-17,slavic,Thursday of the 17th week after Pentecost,Ephesians 4.14-19,Luke 7.17-30,,,
2024-10-18,greek,Friday of the 17th week after Pentecost,"Ephesians 4.17-25 || Colossians 4.5-9, 14, 18 ~ St Luke",Luke 10.1-15 || Luke 10.16-21 ~ St Luke,John 21.15-25,"1 John 1.1-7 || James 1.1-12 || Jude 1-7, 17-25",
2024-10-18,slavic,Friday of the 17th week after Pentecost,Ephesians 4.17-25,Luke 7.31-35,,,
2024-10-19,greek,Saturday of the 17th week after Pentecost,1 Corinthians 14.20-25 || Acts 2.14-21 ~ Prophet Joel || 1 Thessalonians 4.13-17 ~ Departed,Luke 7.1-10 || John 5.24-30 ~ Departed,,,
2024-10-19,slavic,Saturday of the 17th week after Pentecost,1 Corinthians 14.20-25 || Hebrews 7.26-8.2 ~ St Innocent,Luke 5.27-32 || John 10.9-16 ~ St Innocent,John 10.1-9,"Composite 2 - Proverbs 10, 3, 8 || Composite 3 - Wisdom of Solomon 4, 5 || Composite 4 - Proverbs 10; Wisdom of Solomon 6, 7, 8, 9",
2024-10-20,greek,17th Sunday after Pentecost,2 Corinthians 6.16-7.1 || 2 Timothy 2.1-10 ~ Artemius,Luke 8.26-39,6th Matins Gospel :: Luke 24.36-53,,
2024-10-20,slavic,17th Sunday after Pentecost,2 Corinthians 6.16-7.1,Luke 7.11-16,6th Matins Gospel :: Luke 24.36-53,,
2024-10-21,greek,Monday of the 18th week after Pentecost,Ephesians 4.25-32 || 2 Corinthians 9.6-11 ~ Hilarion the Great,Luke 10.22-24,,,
2024-10-21,slavic,Monday of the 18th week after Pentecost,Ephesians 4.25-32,Luke 7.36-50,,,
2024-10-22,greek,Tuesday of the 18th week after Pentecost,Ephesians 5.20-26,Luke 11.1-10,,,
2024-10-22,slavic,Tuesday of the 18th week after Pentecost,Hebrews 7.26-8.2 ~ St Tikhon || Ephesians 5.20-26,Luke 8.1-3 || John 10.9-16 ~ St Tikhon,John 10.1-9,Wisdom of Solomon 3.1-9 || Wisdom of Solomon 5.15-6.3 || Wisdom of Solomon 4.7-15,
2024-10-23,greek,Wednesday of the 18th week after Pentecost,Ephesians 5.25-33 || Galatians 1.11-19 ~ St James,Luke 11.9-13 || Matthew 13.54-58 ~ St James,,,
2024-10-23,slavic,Wednesday of the 18th week after Pentecost,Ephesians 5.25-33,Luke 8.22-25,,,
2024-10-24,greek,Thursday of the 18th week after Pentecost,Ephesians 5.33-6.9,Luke 11.14-23,,,
2024-10-24,slavic,Thursday of the 18th week after Pentecost,Ephesians 5.33-6.9,Luke 9.7-11,,,
2024-10-25,greek,Friday of the 18th week after Pentecost,Ephesians 6.18-24,Luke 11.23-26,,,
2024-10-25,slavic,Friday of the 18th week after Pentecost,Ephesians 6.18-24,Luke 9.12-18,,,
2024-10-26,greek,Saturday of the 18th week after Pentecost,"1 Corinthians 15.39-45 || Hebrews 12.6-13, 25-27 ~ Earthquake || 2 Timothy 2.1-10 ~ St Demetrius",Luke 8.16-21 || Matthew 8.23-27 ~ Earthquake || John 15.17-16.2 ~ St Demetrius,Matthew 10.16-22,"Composite 16 - Isaiah 63.15-64.5, 8-9 || Jeremiah 2.2-12 || Wisdom of Solomon 4.7-15",
2024-10-26,slavic,Saturday of the 18th week after Pentecost,1 Corinthians 15.39-45,Luke 6.1-10,,,
2024-10-27,greek,18th Sunday after Pentecost,2 Corinthians 9.6-11,Luke 8.41-56,7th Matins Gospel :: John 20.1-10,,
2024-10-27,slavic,18th Sunday after Pentecost,2 Corinthians 9.6-11 || Hebrews 13.7-16 ~ Fathers,Luke 8.5-15 || John 17.1-13 ~ Fathers,7th Matins Gospel :: John 20.1-10,"Genesis 14.14-20 || Deuteronomy 1.8-11, 15-17 || Deuteronomy 10.14-21",
2024-10-28,greek,Monday of the 19th week after Pentecost,Philippians 1.1-7 || Hebrews 9.1-7 ~ Protection of the Theotokos,"Luke 11.29-33 || Luke 10.38-42, 11.27-28 ~ Protection of the Theotokos",,,
2024-10-28,slavic,Monday of the 19th week after Pentecost,Philippians 1.1-7,Luke 9.18-22,,,
2024-10-29,greek,Tuesday of the 19th week after Pentecost,Philippians 1.8-14,Luke 11.34-41,,,
2024-10-29,slavic,Tuesday of the 19th week after Pentecost,Philippians 1.8-14,Luke 9.23-27,,,
2024-10-30,greek,Wednesday of the 19th week after Pentecost,Philippians 1.12-20,Luke 11.42-46,,,
2024-10-30,slavic,Wednesday of the 19th week after Pentecost,Philippians 1.12-20,Luke 9.44-50,,,
2024-10-31,greek,Thursday of the 19th week after Pentecost,"Philippians 1.20-27 || Romans 16.1-16 ~ Apostles Stachys, Amplias, et al",Luke 11.47-12.1,,,
2024-10-31,slavic,Thursday of the 19th week after Pentecost,"Philippians 1.20-27 || Colossians 4.5-9, 14, 18 ~ St Luke",Luke 9.49-56 || Luke 10.16-21 ~ St Luke,John 21.15-25,"1 John 1.1-7 || James 1.1-12 || Jude 1-7, 17-25",
2024-11-01,greek,Friday of the 19th week after Pentecost,Philippians 1.27-2.4 || 1 Corinthians 12.27-13.8 ~ Cosmas & Damian,"Luke 12.2-12 || Matthew 10.1, 5-8 ~ Cosmas & Damian",,,
2024-11-01,slavic,Friday of the 19th week after Pentecost,Philippians 1.27-2.4,Luke 10.1-15,,,
2024-11-02,greek,Saturday of the 19th week after Pentecost,1 Corinthians 15.58-16.3,Luke 9.1-6,,,
2024-11-02,slavic,Saturday of the 19th week after Pentecost,1 Corinthians 15.58-16.3 || 1 Thessalonians 4.13-17 ~ Departed,Luke 7.1-10 || John 5.24-30 ~ Departed,,,
2024-11-03,greek,19th Sunday after Pentecost,2 Corinthians 11.31-12.9 || 1 Corinthians 12.27-13.8 ~ Unmercenaries,"Luke 16.19-31 || Matthew 10.1, 5-8 ~ Unmercenaries",8th Matins Gospel :: John 20.11-18,Isaiah 43.9-14 ~ Unmercenaries || Wisdom of Solomon 3.1-9 ~ Unmercenaries || Wisdom of Solomon 5.15-6.3 ~ Unmercenaries,
2024-11-03,slavic,19th Sunday after Pentecost,2 Corinthians 11.31-12.9,Luke 16.19-31,8th Matins Gospel :: John 20.11-18,,
2024-11-04,greek,Monday of the 20th week after Pentecost,Philippians 2.12-16,"Luke 12.13-15, 22-31",,,
2024-11-04,slavic,Monday of the 20th week after Pentecost,Philippians 2.12-16,Luke 10.22-24,,,
2024-11-05,greek,Tuesday of the 20th week after Pentecost,Philippians 2.16-23,Luke 12.42-48,,,
2024-11-05,slavic,Tuesday of the 20th week after Pentecost,Philippians 2.16-23 || Galatians 1.11-19 ~ St James,Luke 11.1-10 || Matthew 13.54-58 ~ St James,,,
2024-11-06,greek,Wednesday of the 20th week after Pentecost,Philippians 2.24-30 || Hebrews 8.1-6 ~ Paul the Confessor,Luke 12.48-59 || Luke 12.8-12 ~ Paul the Confessor,,,
2024-11-06,slavic,Wednesday of the 20th week after Pentecost,Philippians 2.24-30,Luke 11.9-13,,,
2024-11-07,greek,Thursday of the 20th week after Pentecost,Philippians 3.1-8,Luke 13.1-9,,,
2024-11-07,slavic,Thursday of the 20th week after Pentecost,Philippians 3.1-8,Luke 11.14-23,,,
2024-11-08,greek,Friday of the 20th week after Pentecost,Philippians 3.8-19 || Hebrews 2.2-10 ~ Angels,Luke 13.31-35 || Luke 10.16-21 ~ Angels,"Matthew 13.24-30, 36-43","Joshua 5.13-15 || Judges 6.2, 7, 11-24 || Isaiah 14.7-20",
2024-11-08,slavic,Friday of the 20th week after Pentecost,"Philippians 3.8-19 || Hebrews 12.6-13, 25-27 ~ Earthquake || 2 Timothy 2.1-10 ~ St Demetrius",Luke 11.23-26 || Matthew 8.23-27 ~ Earthquake || John 15.17-16.2 ~ St Demetrius,Matthew 10.16-22,"Composite 16 - Isaiah 63.15-64.5, 8-9 || Jeremiah 2.2-12 || Wisdom of Solomon 4.7-15",
2024-11-09,greek,Saturday of the 20th week after Pentecost,2 Corinthians 1.8-11 || Ephesians 5.8-19 ~ Nektarius,Luke 9.37-43 || Matthew 4.25-5.12 ~ Nektarius,,,
2024-11-09,slavic,Saturday of the 20th week after Pentecost,2 Corinthians 1.8-11,Luke 8.16-21,,,
2024-11-10,greek,20th Sunday after Pentecost,Galatians 1.11-19 || 1 Corinthians 4.9-16 ~ Apostles of the 70,Luke 10.25-37,9th Matins Gospel :: John 20.19-31,,
2024-11-10,slavic,20th Sunday after Pentecost,Galatians 1.11-19,Luke 8.26-39,9th Matins Gospel :: John 20.19-31,,
2024-11-11,greek,Monday of the 21st week after Pentecost,"Philippians 4.10-23 || 2 Corinthians 4.6-15 ~ Menas, Victor & Vincent",Luke 14.12-15,,,
2024-11-11,slavic,Monday of the 21st week after Pentecost,Philippians 4.10-23,Luke 11.29-33,,,
2024-11-12,greek,Tuesday of the 21st week after Pentecost,"Colossians 1.1-2, 7-11 || 2 Corinthians 9.6-11 ~ John the Merciful",Luke 14.25-35 || Matthew 5.14-19 ~ John the Merciful,,,
2024-11-12,slavic,Tuesday of the 21st week after Pentecost,"Colossians 1.1-2, 7-11",Luke 11.34-41,,,
2024-11-13,greek,Wednesday of the 21st week after Pentecost,Colossians 1.18-23 || Hebrews 7.26-8.2 ~ St John Chrysostom,Luke 15.1-10 || John 10.9-16 ~ St John Chrysostom,John 10.1-9,"Composite 2 - Proverbs 10, 3, 8 || Composite 4 - Proverbs 10; Wisdom of Solomon 6, 7, 8, 9 || Composite 5 - Wisdom of Solomon 4, 6, 7, 2",
2024-11-13,slavic,Wednesday of the 21st week after Pentecost,Colossians 1.18-23 || Hebrews 13.7-16 ~ St John Kochurov,Luke 11.42-46 || Luke 12.32-40 ~ St John Kochurov,,,
2024-11-14,greek,Thursday of the 21st week after Pentecost,Colossians 1.24-29 || 1 Corinthians 4.9-16 ~ St Philip,Luke 16.1-9 || John 1.43-51 ~ St Philip,John 21.15-25,1 Peter 1.1-2.6 || 1 Peter 2.21-3.9 || 1 Peter 4.1-11,
2024-11-14,slavic,Thursday of the 21st week after Pentecost,Colossians 1.24-29,Luke 11.47-12.1,,,
2024-11-15,greek,Friday of the 21st week after Pentecost,Colossians 2.1-7,"Luke 16.15-18, 17.1-4",,,
2024-11-15,slavic,Friday of the 21st week after Pentecost,Colossians 2.1-7,Luke 12.2-12,,,
2024-11-16,greek,Saturday of the 21st week after Pentecost,2 Corinthians 3.12-18 || 1 Corinthians 4.9-16 ~ St Matthew || Romans 10.11-11.2 ~ Matthew the Apostle,Luke 9.57-62 || Matthew 9.9-13 ~ St Matthew || Matthew 9.9-13 ~ Matthew the Apostle,John 21.15-25,1 Peter 1.1-2.6 || 1 Peter 2.21-3.9 || 1 Peter 4.1-11,
2024-11-16,slavic,Saturday of the 21st week after Pentecost,2 Corinthians 3.12-18,Luke 9.1-6,,,
2024-11-17,greek,21st Sunday after Pentecost,Galatians 2.16-20 || 1 Corinthians 12.7-11 ~ Gregory the Wonderworker,Luke 12.16-21,10th Matins Gospel :: John 21.1-14,,
2024-11-17,slavic,21st Sunday after Pentecost,Galatians 2.16-20 || 1 Corinthians 12.27-13.8 ~ Unmercenaries,"Luke 8.41-56 || Matthew 10.1, 5-8 ~ Unmercenaries",10th Matins Gospel :: John 21.1-14,Isaiah 43.9-14 ~ Unmercenaries || Wisdom of Solomon 3.1-9 ~ Unmercenaries || Wisdom of Solomon 5.15-6.3 ~ Unmercenaries,
2024-11-18,greek,Monday of the 22nd week after Pentecost,Colossians 2.13-20,Luke 17.20-25,,,
2024-11-18,slavic,Monday of the 22nd week after Pentecost,Colossians 2.13-20,"Luke 12.13-15, 22-31",,,
2024-11-19,greek,Tuesday of the 22nd week after Pentecost,Colossians 2.20-3.3,Luke 17.26-37; 18.8,,,
2024-11-19,slavic,Tuesday of the 22nd week after Pentecost,Colossians 2.20-3.3,Luke 12.42-48,,,
2024-11-20,greek,Wednesday of the 22nd week after Pentecost,Colossians 3.17-4.1,"Luke 18.15-17, 26-30",,,
2024-11-20,slavic,Wednesday of the 22nd week after Pentecost,Colossians 3.17-4.1,Luke 12.48-59,,,
2024-11-21,greek,Thursday of the 22nd week after Pentecost,Hebrews 9.1-7 ~ Entrance || Colossians 4.2-9,"Luke 10.38-42, 11.27-28 ~ Entrance || Luke 18.31-34","Luke 1.39-49, 56","Composite 17 - Exodus 40:1-5, 9-10, 16, 34-35 || Composite 18 - 3 [1] Kings 7:51-8:1, 8:4-7, 9-11 || Ezekiel 43.27-44.4",
2024-11-21,slavic,Thursday of the 22nd week after Pentecost,Colossians 4.2-9 || Hebrews 2.2-10 ~ Angels,Luke 13.1-9 || Luke 10.16-21 ~ Angels,"Matthew 13.24-30, 36-43","Joshua 5.13-15 || Judges 6.2, 7, 11-24 || Isaiah 14.7-20",
2024-11-22,greek,Friday of the 22nd week after Pentecost,Colossians 4.10-18,Luke 19.12-28,,,
2024-11-22,slavic,Friday of the 22nd week after Pentecost,Colossians 4.10-18,Luke 13.31-35,,,
2024-11-23,greek,Saturday of the 22nd week after Pentecost,2 Corinthians 5.1-10,Luke 10.19-21,,,
2024-11-23,slavic,Saturday of the 22nd week after Pentecost,2 Corinthians 5.1-10,Luke 9.37-43,,,
2024-11-24,greek,22nd Sunday after Pentecost,Galatians 6.11-18 || Philippians 3.20-4.3 ~ Hieromartyrs Clement & Peter,Luke 18.18-27,11th Matins Gospel :: John 21.15-25,,
2024-11-24,slavic,22nd Sunday after Pentecost,Galatians 6.11-18,Luke 10.25-37,11th Matins Gospel :: John 21.15-25,,
2024-11-25,greek,Monday of the 23rd week after Pentecost,1 Thessalonians 1.1-5 || Hebrews 9.1-7 ~ Theotokos || Galatians 3.23-4.5 ~ Catherine,"Luke 19.37-44 || Luke 10.38-42, 11.27-28 ~ Theotokos || Mark 5.24-34 ~ Catherine",,,
2024-11-25,slavic,Monday of the 23rd week after Pentecost,1 Thessalonians 1.1-5,Luke 14.12-15,,,
2024-11-26,greek,Tuesday of the 23rd week after Pentecost,1 Thessalonians 1.6-10,Luke 19.45-48,,,
2024-11-26,slavic,Tuesday of the 23rd week after Pentecost,1 Thessalonians 1.6-10 || Hebrews 7.26-8.2 ~ St John Chrysostom,Luke 14.25-35 || John 10.9-16 ~ St John Chrysostom,John 10.1-9,"Composite 2 - Proverbs 10, 3, 8 || Composite 4 - Proverbs 10; Wisdom of Solomon 6, 7, 8, 9 || Composite 5 - Wisdom of Solomon 4, 6, 7, 2",
2024-11-27,greek,Wednesday of the 23rd week after Pentecost,1 Thessalonians 2.1-8,Luke 20.1-8,,,
2024-11-27,slavic,Wednesday of the 23rd week after Pentecost,1 Thessalonians 2.1-8 || 1 Corinthians 4.9-16 ~ St Philip,Luke 15.1-10 || John 1.43-51 ~ St Philip,John 21.15-25,1 Peter 1.1-2.6 || 1 Peter 2.21-3.9 || 1 Peter 4.1-11,
2024-11-28,greek,Thursday of the 23rd week after Pentecost,1 Thessalonians 2.9-14,Luke 20.9-18,,,
2024-11-28,slavic,Thursday of the 23rd week after Pentecost,1 Thessalonians 2.9-14,Luke 16.1-9,,,
2024-11-29,greek,Friday of the 23rd week after Pentecost,1 Thessalonians 2.14-19,Luke 20.19-26,,,
2024-11-29,slavic,Friday of the 23rd week after Pentecost,1 Thessalonians 2.14-19 || 1 Corinthians 4.9-16 ~ St Matthew,"Luke 16.15-18, 17.1-4 || Matthew 9.9-13 ~ St Matthew",John 21.15-25,1 Peter 1.1-2.6 || 1 Peter 2.21-3.9 || 1 Peter 4.1-11,
2024-11-30,greek,Saturday of the 23rd week after Pentecost,2 Corinthians 8.1-5 || 1 Corinthians 4.9-16 ~ St Andrew,Luke 12.32-40 || John 1.35-51 ~ St Andrew,Matthew 4.18-23,1 Peter 1.1-2.6 || 1 Peter 2.21-3.9 || 1 Peter 4.1-11,
2024-11-30,slavic,Saturday of the 23rd week after Pentecost,2 Corinthians 8.1-5,Luke 9.57-62,,,
2024-12-01,greek,23rd Sunday after Pentecost,Ephesians 2.4-10,Luke 18.35-43,1st Matins Gospel :: Matthew 28.16-20,,
2024-12-01,slavic,23rd Sunday after Pentecost,Ephesians 2.4-10,Luke 12.16-21,1st Matins Gospel :: Matthew 28.16-20,,
2024-12-02,greek,Monday of the 24th week after Pentecost,1 Thessalonians 2.20-3.8,Luke 20.27-44,,,
2024-12-02,slavic,Monday of the 24th week after Pentecost,1 Thessalonians 2.20-3.8,Luke 17.20-25,,,
2024-12-03,greek,Tuesday of the 24th week after Pentecost,1 Thessalonians 3.9-13,Luke 21.12-19,,,
2024-12-03,slavic,Tuesday of the 24th week after Pentecost,1 Thessalonians 3.9-13,Luke 17.26-37,,,
2024-12-04,greek,Wednesday of the 24th week after Pentecost,1 Thessalonians 4.1-12 || Hebrews 13.7-16 ~ St Alexander || Galatians 3.23-4.5 ~ Barbara,"Luke 21.5-8, 10-11, 20-24 || Luke 12.32-40 ~ St Alexander || Mark 5.24-34 ~ Barbara",,,
2024-12-04,slavic,Wednesday of the 24th week after Pentecost,Hebrews 9.1-7 ~ Entrance || 1 Thessalonians 4.1-12,"Luke 10.38-42, 11.27-28 ~ Entrance || Luke 18.15-17, 26-30","Luke 1.39-49, 56","Composite 17 - Exodus 40:1-5, 9-10, 16, 34-35 || Composite 18 - 3 [1] Kings 7:51-8:1, 8:4-7, 9-11 || Ezekiel 43.27-44.4",
2024-12-05,greek,Thursday of the 24th week after Pentecost,1 Thessalonians 5.1-8 || Galatians 5.22-6.2 ~ St Sabbas,Luke 21.28-33 || Matthew 11.27-30 ~ St Sabas,Luke 6.17-23,Wisdom of Solomon 3.1-9 || Wisdom of Solomon 5.15-6.3 || Wisdom of Solomon 4.7-15,
2024-12-05,slavic,Thursday of the 24th week after Pentecost,1 Thessalonians 5.1-8,Luke 18.31-34,,,
2024-12-06,greek,Friday of the 24th week after Pentecost,"1 Thessalonians 5.9-13, 24-28 || Hebrews 13.17-21 ~ St Nicholas",Luke 21.37-22.8 || Luke 6.17-23 ~ St Nicholas,John 10.9-16,"Composite 2 - Proverbs 10, 3, 8 || Proverbs 10.31-11.12 || Wisdom of Solomon 4.7-15",
2024-12-06,slavic,Friday of the 24th week after Pentecost,"1 Thessalonians 5.9-13, 24-28 || Galatians 5.22-6.2 ~ St Alexander",Luke 19.12-28 || Matthew 11.27-30 ~ St Alexander,,,
2024-12-07,greek,Saturday of the 24th week after Pentecost,2 Corinthians 11.1-6,Luke 13.18-29,,,
2024-12-07,slavic,Saturday of the 24th week after Pentecost,2 Corinthians 11.1-6,Luke 10.19-21,,,
2024-12-08,greek,24th Sunday after Pentecost,Ephesians 2.14-22,Luke 13.10-17,2nd Matins Gospel :: Mark 16.1-8,,
2024-12-08,slavic,24th Sunday after Pentecost,Ephesians 2.14-22 || Hebrews 9.1-7 ~ Theotokos,"Luke 13.10-17 || Luke 10.38-42, 11.27-28 ~ Theotokos",2nd Matins Gospel :: Mark 16.1-8,,
2024-12-09,greek,Monday of the 25th week after Pentecost,2 Thessalonians 1.1-10 || Galatians 4.22-31 ~ St Anna,Mark 8.11-21 || Luke 8.16-21 ~ St Anna,,,
2024-12-09,slavic,Monday of the 25th week after Pentecost,2 Thessalonians 1.1-10,Luke 19.37-44,,,
2024-12-10,greek,Tuesday of the 25th week after Pentecost,2 Thessalonians 1.10-2.2,Mark 8.22-26,,,
2024-12-10,slavic,Tuesday of the 25th week after Pentecost,2 Thessalonians 1.10-2.2,Luke 19.45-48,,,
2024-12-11,greek,Wednesday of the 25th week after Pentecost,2 Thessalonians 2.1-12,Mark 8.30-34,,,
2024-12-11,slavic,Wednesday of the 25th week after Pentecost,2 Thessalonians 2.1-12,Luke 20.1-8,,,
2024-12-12,greek,Thursday of the 25th week after Pentecost,2 Thessalonians 2.13-3.5 || Ephesians 5.8-19 ~ Spyridon,Mark 9.10-15 || John 10.9-16 ~ Spyridon,,,
2024-12-12,slavic,Thursday of the 25th week after Pentecost,2 Thessalonians 2.13-3.5,Luke 20.9-18,,,
2024-12-13,greek,Friday of the 25th week after Pentecost,2 Thessalonians 3.6-18 || Galatians 5.22-6.2 ~ St Herman,Mark 9.33-41 || Luke 6.17-23 ~ St Herman,Matthew 11.27-30,Wisdom of Solomon 3.1-9 || Wisdom of Solomon 5.15-6.3 || Wisdom of Solomon 4.7-15,
2024-12-13,slavic,Friday of the 25th week after Pentecost,2 Thessalonians 3.6-18 || 1 Corinthians 4.9-16 ~ St Andrew,Luke 20.19-26 || John 1.35-51 ~ St Andrew,Matthew 4.18-23,1 Peter 1.1-2.6 || 1 Peter 2.21-3.9 || 1 Peter 4.1-11,
2024-12-14,greek,Saturday of the 25th week after Pentecost,Galatians 1.3-10,Luke 14.1-11,,,
2024-12-14,slavic,Saturday of the 25th week after Pentecost,Galatians 1.3-10,Luke 12.32-40,,,
2024-12-15,greek,25th Sunday after Pentecost,Colossians 3.4-11 ~ Forefathers || 2 Timothy 1.8-18 ~ Eleutherios,Luke 14.16-24 ~ Forefathers || Mark 2.23-3.5 ~ Eleutherios,3rd Matins Gospel :: Mark 16.9-20,,
2024-12-15,slavic,25th Sunday after Pentecost,Ephesians 4.1-6,Luke 18.18-27,3rd Matins Gospel :: Mark 16.9-20,,
2024-12-16,greek,Monday of the 26th week after Pentecost,1 Timothy 1.1-7,Mark 9.42-10.1,,,
2024-12-16,slavic,Monday of the 26th week after Pentecost,1 Timothy 1.1-7,Luke 20.27-44,,,
2024-12-17,greek,Tuesday of the 26th week after Pentecost,1 Timothy 1.8-14,Mark 10.2-12,,,
2024-12-17,slavic,Tuesday of the 26th week after Pentecost,1 Timothy 1.8-14 || Hebrews 13.7-16 ~ St Alexander,Luke 21.12-19 || Luke 12.32-40 ~ St Alexander,,,
2024-12-18,greek,Wednesday of the 26th week after Pentecost,"1 Timothy 1.18-20, 2.8-15",Mark 10.11-16,,,
2024-12-18,slavic,Wednesday of the 26th week after Pentecost,"1 Timothy 1.18-20, 2.8-15 || Galatians 5.22-6.2 ~ St Sabbas","Luke 21.5-7, 10-11, 20-24 || Matthew 11.27-30 ~ St Sabas",Luke 6.17-23,Wisdom of Solomon 3.1-9 || Wisdom of Solomon 5.15-6.3 || Wisdom of Solomon 4.7-15,
2024-12-19,greek,Thursday of the 26th week after Pentecost,1 Timothy 3.1-13,Mark 10.17-27,,,
2024-12-19,slavic,Thursday of the 26th week after Pentecost,1 Timothy 3.1-13 || Hebrews 13.17-21 ~ St Nicholas,Luke 21.28-33 || Luke 6.17-23 ~ St Nicholas,John 10.9-16,"Composite 2 - Proverbs 10, 3, 8 || Proverbs 10.31-11.12 || Wisdom of Solomon 4.7-15",
2024-12-20,greek,Friday of the 26th week after Pentecost,"1 Timothy 4.4-8, 16",Mark 10.23-32,,,
2024-12-20,slavic,Friday of the 26th week after Pentecost,"1 Timothy 4.4-8, 16",Luke 21.37-22.8,,,
2024-12-21,greek,Saturday of the 26th week after Pentecost,Galatians 3.8-12 || Galatians 3.8-12 ~ Saturday before Nativity,Luke 16.10-15 || Luke 13.19-29 ~ Saturday before Nativity,,,
2024-12-21,slavic,Saturday of the 26th week after Pentecost,Galatians 3.8-12,Luke 13.18-29,,,
2024-12-22,greek,26th Sunday after Pentecost,"Hebrews 11.9-10, 32-40 ~ Sunday before Nativity",Matthew 1.1-25 ~ Sunday before Nativity,4th Matins Gospel :: Luke 24.1-12,"Genesis 14.14-20 || Deuteronomy 1.8-11, 15-17 || Deuteronomy 10.14-21",
2024-12-22,slavic,26th Sunday after Pentecost,Ephesians 5.8-19 || Galatians 4.22-31 ~ St Anna,Luke 17.12-19 || Luke 8.16-21 ~ St Anna,4th Matins Gospel :: Luke 24.1-12,,
2024-12-23,greek,Monday of the 27th week after Pentecost,1 Timothy 5.1-10,Mark 10.46-52,,,
2024-12-23,slavic,Monday of the 27th week after Pentecost,1 Timothy 5.1-10,Mark 8.11-21,,,
2024-12-24,greek,Tuesday of the 27th week after Pentecost,Hebrews 1.1-12 ~ Eve of Nativity,Luke 2.1-20 ~ Eve of Nativity,,"Genesis 1.1-13 || Numbers 24.2-3, 5-9, 17-18 || Micah 4.6-7; 5.2-4 || Isaiah 11.1-10 || Jeremiah (Baruch 3.35-4.4) || Daniel 2.31-36, 44-45 || Isaiah 9.6-7 || Isaiah 7.10-16; 8.1-4, 9-10","1st Hour, Prophecy :: Micah 5.2-4 || 1st Hour, Epistle :: Hebrews 1.1-12 || 1st Hour, Gospel :: Matthew 1.18-25 || 3rd Hour, Prophecy :: Jeremiah (Baruch 3.35-4.4) || 3rd Hour, Epistle :: Galatians 3.23-29 || 3rd Hour, Gospel :: Luke 2.1-20 || 6th Hour, Prophecy :: Isaiah 7.10-16; 8.1-4, 9-10 || 6th Hour, Epistle :: Hebrews 1.10-2.3 || 6th Hour, Gospel :: Matthew 2.1-12 || 9th Hour, Prophecy :: Isaiah 9.6-7 || 9th Hour, Epistle :: Hebrews 2.11-18 || 9th Hour, Gospel :: Matthew 2.13-23"
2024-12-24,slavic,Tuesday of the 27th week after Pentecost,1 Timothy 5.11-21,Mark 8.22-26,,,
2024-12-25,greek,Wednesday of the 27th week after Pentecost,Galatians 4.4-7 ~ Nativity,Matthew 2.1-12 ~ Nativity,Matthew 1.18-25,,
2024-12-25,slavic,Wednesday of the 27th week after Pentecost,1 Timothy 5.22-6.11,Mark 8.30-34,,,
2024-12-26,greek,Thursday of the 27th week after Pentecost,Hebrews 2.11-18 ~ Theotokos,Matthew 2.13-23 ~ Theotokos,,,
2024-12-26,slavic,Thursday of the 27th week after Pentecost,1 Timothy 6.17-21 || Galatians 5.22-6.2 ~ St Herman,Mark 9.10-16 || Luke 6.17-23 ~ St Herman,Matthew 11.27-30,Wisdom of Solomon 3.1-9 || Wisdom of Solomon 5.15-6.3 || Wisdom of Solomon 4.7-15,
2024-12-27,greek,Friday of the 27th week after Pentecost,"2 Timothy 1.1-2, 8-18 || Acts 6.8-7.5, 47-60 ~ St Stephen",Mark 12.1-12 || Matthew 21.33-42 ~ St Stephen,,,
2024-12-27,slavic,Friday of the 27th week after Pentecost,"2 Timothy 1.1-2, 8-18",Mark 9.33-41,,,
2024-12-28,greek,Saturday of the 27th week after Pentecost,1 Timothy 6.11-16 ~ Saturday after Nativity || Galatians 5.22-6.2,Matthew 12.15-21 ~ Saturday after Nativity || Luke 17.3-10 || Luke 14.25-35 ~ Nicomedia Martyrs,,,
2024-12-28,slavic,Saturday of the 27th week after Pentecost,Galatians 5.22-6.2,Luke 14.1-11,,,
2024-12-29,greek,27th Sunday after Pentecost,Galatians 1.11-19 ~ Sunday after Nativity || Hebrews 2.11-18 ~ Holy Innocents,Matthew 2.13-23 ~ Sunday after Nativity and Theotokos || Matthew 2.13-23 ~ Holy Innocents,5th Matins Gospel :: Luke 24.12-35,,
2024-12-29,slavic,27th Sunday after Pentecost,Colossians 3.4-11 ~ Forefathers,Luke 14.16-24 ~ Forefathers,5th Matins Gospel :: Luke 24.12-35,,
2024-12-30,greek,Monday of the 28th week after Pentecost,2 Timothy 2.20-26,Mark 12.13-17,,,
2024-12-30,slavic,Monday of the 28th week after Pentecost,2 Timothy 2.20-26,Mark 9.42-10.1,,,
2024-12-31,greek,Tuesday of the 28th week after Pentecost,2 Timothy 3.16-4.4,Mark 12.18-27,,,
2024-12-31,slavic,Tuesday of the 28th week after Pentecost,2 Timothy 3.16-4.4,Mark 10.2-12,,,
