saint_id,image_path,license,credit,source,kind,tag,title,era,by
OS-0001,icons/permission/theophany-works/OS-0001-protection.jpg,Permission:theophany-works,,https://theophanyworks.com/icon-of-the-holy-protection-of-the-mother-of-god-usa-21st-c-00vmt019/,shop,Available to order,The Holy Protection of the Mother of God,21st c.,Theophany Works
OS-0001,icons/permission/theophany-works/OS-0001-odigitria.jpg,Permission:theophany-works,,https://theophanyworks.com/icon-of-the-theotokos-odigitria-the-directress-21st-c-00vmt011/,shop,Available to order,Theotokos Hodegetria — the Directress,21st c.,Theophany Works
OS-0001,icons/permission/theophany-works/OS-0001-annunciation.jpg,Permission:theophany-works,,https://theophanyworks.com/icon-of-the-annunciation-20th-c-00fan002/,shop,Available to order,The Annunciation,20th c.,Theophany Works
OS-0001,icons/permission/theophany-works/OS-0001-allpure-blue.jpg,Permission:theophany-works,,https://theophanyworks.com/icon-of-the-theotokos-all-pure-in-blue-russian-21st-c-00vmt003/,shop,Available to order,Theotokos All-Pure in Blue (Russian),21st c.,Theophany Works
OS-0001,icons/OS-0001-vladimir.jpg,PD-art,,https://commons.wikimedia.org/wiki/File:Virgin_of_Vladimir.jpg,museum,Public domain,The Vladimir Mother of God,12th c.,Tretyakov Gallery · Moscow
OS-0001,icons/OS-0001-hagia-sophia.jpg,CC0,Myrabella,https://commons.wikimedia.org/wiki/File:Apse_mosaic_Hagia_Sophia_Virgin_and_Child.jpg,museum,Public domain,Apse Mosaic · Hagia Sophia,9th c.,Constantinople
OS-0002,icons/OS-0002.jpg,PD-art,,https://commons.wikimedia.org/wiki/File:Greek_School_-_Icon_of_Saint_John_the_Baptist_-_1102557_-_National_Trust.jpg,museum,Public domain,St. John the Forerunner & Baptist,,
OS-0002,icons/permission/theophany-works/OS-0002-stjb07.jpg,Permission:theophany-works,,https://theophanyworks.com/st-john-the-forerunner-baptist-21st-c-00stjb07/,shop,Available to order,St. John The Forerunner Baptist,21st c.,Theophany Works
OS-0002,icons/permission/theophany-works/OS-0002-stjb08.jpg,Permission:theophany-works,,https://theophanyworks.com/st-john-the-forerunner-baptist-21st-c-00stjb08/,shop,Available to order,St. John The Forerunner Baptist,21st c.,Theophany Works
OS-0002,icons/permission/theophany-works/OS-0002-stjb02.jpg,Permission:theophany-works,,https://theophanyworks.com/icon-of-st-john-the-forerunner-and-baptist-00stjb02/,shop,Available to order,St. John The Forerunner and Baptist,,Theophany Works
OS-0002,icons/permission/theophany-works/OS-0002-stjb01.jpg,Permission:theophany-works,,https://theophanyworks.com/icon-of-st-john-the-forerunner-and-baptist-00stjb01/,shop,Available to order,St. John The Forerunner and Baptist,,Theophany Works
OS-0002,icons/permission/theophany-works/OS-0002-stjb03.jpg,Permission:theophany-works,,https://theophanyworks.com/icon-of-st-john-the-forerunner-and-baptist-00stjb03/,shop,Available to order,St. John The Forerunner and Baptist,,Theophany Works
OS-0002,icons/permission/theophany-works/OS-0002-stjb05.jpg,Permission:theophany-works,,https://theophanyworks.com/st-john-the-forerunner-and-baptist-angelic-messenger-00stjb05/,shop,Available to order,St. John The Forerunner and Baptist -Angelic Messenger,,Theophany Works
OS-0004,icons/OS-0004.jpg,CC-BY-SA-4.0,George E. Koronaios,"https://commons.wikimedia.org/wiki/File:The_Apostles_Peter_and_Paul_(Byantine_and_Christian_Musuem_of_Athens,_1-15-2023).jpg",museum,Creative Commons,Apostle Peter,,George E. Koronaios
OS-0004,icons/permission/theophany-works/OS-0004-stpe03.jpg,Permission:theophany-works,,https://theophanyworks.com/icon-of-saint-peter-delivered-by-an-angel-00stpe03/,shop,Available to order,Saint Peter Delivered by an Angel,,Theophany Works
OS-0004,icons/permission/theophany-works/OS-0004-stpp01.jpg,Permission:theophany-works,,https://theophanyworks.com/icon-of-saints-peter-and-paul-the-apostles-00stpp01/,shop,Available to order,Saints Peter and Paul the Apostles,,Theophany Works
OS-0005,icons/OS-0005.jpg,CC0,,https://commons.wikimedia.org/wiki/File:John_the_Theologian.jpg,museum,Public domain,Apostle & Evangelist John the Theologian,,
OS-0005,icons/permission/theophany-works/OS-0005-stjt02.jpg,Permission:theophany-works,,https://theophanyworks.com/icon-of-st-john-the-theologian-and-prochorus-crete-1-15th-c-00stjt02/,shop,Available to order,St. John the Theologian and Prochorus,15th c.,Theophany Works
OS-0005,icons/permission/theophany-works/OS-0005-stjt03.jpg,Permission:theophany-works,,https://theophanyworks.com/icon-of-st-john-the-theologian-and-prochorus-crete-2-15th-c-00stjt03/,shop,Available to order,St. John the Theologian and Prochorus,15th c.,Theophany Works
OS-0006,icons/OS-0006.jpg,PD-art,,https://commons.wikimedia.org/wiki/File:Saint_Luke_the_Evangelist_-_icon.jpeg,museum,Public domain,Apostle & Evangelist Luke,,
OS-0006,icons/permission/theophany-works/OS-0006-stle02.jpg,Permission:theophany-works,,https://theophanyworks.com/icon-of-st-luke-the-evangelist-17th-c-00stle02/,shop,Available to order,St. Luke the Evangelist,17th c.,Theophany Works
OS-0007,icons/OS-0007.jpg,PD-art,,"https://commons.wikimedia.org/wiki/File:Mary_Magdalene_(end_19-early_20_c.,_Sergiev_Posad).jpg",museum,Public domain,St. Mary Magdalene,,
OS-0009,icons/OS-0009.jpg,CC-BY-SA-4.0,Smiroje,https://commons.wikimedia.org/wiki/File:Saint_Stephen_Protomartyr.jpg,museum,Creative Commons,First-Martyr & Archdeacon Stephen,,Smiroje
OS-0011,icons/OS-0011.jpg,PD-art,,https://commons.wikimedia.org/wiki/File:%D0%96%D0%B8%D1%82%D0%B8%D1%8F_%D0%A1%D0%B2%D1%8F%D1%82%D1%8B%D1%85_(1903-1911)_-_%D0%B8%D0%BA%D0%BE%D0%BD%D0%B0_01091_%D0%98%D0%BE%D0%B0%D0%BA%D0%B8%D0%BC_%D0%B8_%D0%90%D0%BD%D0%BD%D0%B0.png,museum,Public domain,Righteous Joachim,,
OS-0011,icons/permission/theophany-works/OS-0011-stjoan01.jpg,Permission:theophany-works,,https://theophanyworks.com/icon-of-sts-joachim-and-anna-00stjoan01/,shop,Available to order,Sts. Joachim and Anna,,Theophany Works
OS-0012,icons/OS-0012.jpg,PD-art,,https://commons.wikimedia.org/wiki/File:Novgorod_George.jpg,museum,Public domain,Great Martyr George the Trophy-bearer,,
OS-0012,icons/permission/theophany-works/OS-0012-stge02.jpg,Permission:theophany-works,,https://theophanyworks.com/icon-of-st-george-the-great-martyr-00stge02/,shop,Available to order,St. George the Great Martyr,,Theophany Works
OS-0012,icons/permission/theophany-works/OS-0012-stge03.jpg,Permission:theophany-works,,https://theophanyworks.com/icon-of-st-george-the-trophy-bearer-slaying-dragon-00stge03/,shop,Available to order,St. George the Trophy Bearer (Slaying Dragon),,Theophany Works
OS-0012,icons/permission/theophany-works/OS-0012-stge04.jpg,Permission:theophany-works,,https://theophanyworks.com/icon-of-st-george-the-trophy-bearer-slaying-dragon-21st-c-00stge04/,shop,Available to order,St. George the Trophy Bearer (Slaying Dragon),21st c.,Theophany Works
OS-0013,icons/OS-0013.jpg,PD-art,,https://commons.wikimedia.org/wiki/File:Saint_Demetrius_Icon_from_Saint_George_Church_in_Melissourgos.jpg,museum,Public domain,Great Martyr Demetrius the Myrrh-streamer,,
OS-0013,icons/permission/theophany-works/OS-0013-stde03.jpg,Permission:theophany-works,,https://theophanyworks.com/icon-of-st-demetrios-the-myrrh-streamer-00stde03/,shop,Available to order,St. Demetrios the Myrrh Streamer,,Theophany Works
OS-0014,icons/OS-0014.jpg,CC-BY-SA-3.0,Anonymous Byzantine painter,"https://commons.wikimedia.org/wiki/File:Panteleimon_by_Byzantine_anonymous_(15th_c.,_Pushkin_museum).jpg",museum,Creative Commons,Great Martyr & Healer Panteleimon,,Anonymous Byzantine painter
OS-0014,icons/permission/theophany-works/OS-0014-stpn02.jpg,Permission:theophany-works,,https://theophanyworks.com/icon-of-st-panteleimon-the-unmercenary-standing-00stpn02/,shop,Available to order,St. Panteleimon the Unmercenary Standing,,Theophany Works
OS-0015,icons/OS-0015.jpg,CC-BY-SA-4.0,"St. Isaac of Syria Skete (Boscobel, Wisconsin)",https://commons.wikimedia.org/wiki/File:Catherine_of_Alexandria.jpg,museum,Creative Commons,Great Martyr Catherine,,"St. Isaac of Syria Skete (Boscobel, Wisconsin)"
OS-0016,icons/OS-0016.jpg,CC0,,https://commons.wikimedia.org/wiki/File:Saint_Barbara._Icon_in_the_Orthodox_church.jpg,museum,Public domain,Great Martyr Barbara,,
OS-0017,icons/OS-0017.jpg,PD-art,,https://commons.wikimedia.org/wiki/File:St.Marina_the_Martyr_hammering_a_devil.jpg,museum,Public domain,Great Martyr Marina,,
OS-0017,icons/permission/theophany-works/OS-0017-stmd01.jpg,Permission:theophany-works,,https://theophanyworks.com/icon-of-st-marina-the-demon-slayer-21st-c-00stmd01/,shop,Available to order,St. Marina the Demon Slayer,21st c.,Theophany Works
OS-0018,icons/OS-0018.jpg,CC-BY-SA-4.0,Nicola Quirico,"https://commons.wikimedia.org/wiki/File:Angelo_Akotantos,_San_Teodoro,_Atene,_Museo_Bizantino_e_Cristiano.jpg",museum,Creative Commons,Great Martyr Theodore the Recruit,,Nicola Quirico
OS-0019,icons/OS-0019.jpg,PD-art,,https://commons.wikimedia.org/wiki/File:Ic%C3%B4ne_de_Saint-Nicolas,museum,Public domain,St. Nicholas the Wonderworker,,
OS-0019,icons/permission/theophany-works/OS-0019-stni04.jpg,Permission:theophany-works,,https://theophanyworks.com/icon-st-nicholas-russian-late-18th-c-00stni04/,shop,Available to order,St. Nicholas-Russian,Late 18th c.,Theophany Works
OS-0019,icons/permission/theophany-works/OS-0019-stni01.jpg,Permission:theophany-works,,https://theophanyworks.com/icon-of-st-nicholas-of-myra-enthroned-crete-15th-c-00stni01/,shop,Available to order,St. Nicholas of Myra Enthroned,15th c.,Theophany Works
OS-0019,icons/permission/theophany-works/OS-0019-stni02.jpg,Permission:theophany-works,,https://theophanyworks.com/icon-st-nicholas-of-myra-liturgizing-00stni02/,shop,Available to order,St. Nicholas of Myra (Liturgizing),,Theophany Works
OS-0020,icons/OS-0020.jpg,PD-art,,https://commons.wikimedia.org/wiki/File:Saint_Spyridon_icon.jpg,museum,Public domain,St. Spyridon the Wonderworker,,
OS-0020,icons/permission/theophany-works/OS-0020-stth03.jpg,Permission:theophany-works,,https://theophanyworks.com/icon-of-st-spyridon-of-trimythus-corfu-20th-c-00stth03/,shop,Available to order,St. Spyridon of Trimythus - Corfu,20th c.,Theophany Works
OS-0020,icons/permission/theophany-works/OS-0020-stth04.jpg,Permission:theophany-works,,https://theophanyworks.com/icon-of-st-spyridon-of-trimythus-the-wonderworker-21st-c-00stth04/,shop,Available to order,St. Spyridon of Trimythus the Wonderworker,21st c.,Theophany Works
OS-0020,icons/permission/theophany-works/OS-0020-stth05.jpg,Permission:theophany-works,,https://theophanyworks.com/icon-of-st-spyridon-of-trimythus-the-wonderworker-21st-c-00stth05/,shop,Available to order,St. Spyridon of Trimythus the Wonderworker,21st c.,Theophany Works
OS-0020,icons/permission/theophany-works/OS-0020-stth02.jpg,Permission:theophany-works,,https://theophanyworks.com/icon-of-st-spyridon-of-trimythus-standing-00stth02/,shop,Available to order,St. Spyridon of Trimythus (Standing),,Theophany Works
OS-0021,icons/OS-0021.jpg,PD-art,,"https://commons.wikimedia.org/wiki/File:Novgorod_School_-_Saint_Basil_the_Great_-_NG.M.01523_-_National_Museum_of_Art,_Architecture_and_Design.jpg",museum,Public domain,St. Basil the Great,,
OS-0022,icons/OS-0022.jpg,CC-BY-SA-4.0,zavar_vera,https://commons.wikimedia.org/wiki/File:Saint_Gregory_the_Theologian.jpg,museum,Creative Commons,St. Gregory the Theologian,,zavar_vera
OS-0023,icons/OS-0023.jpg,PD-art,,"https://commons.wikimedia.org/wiki/File:Novgorod_School_-_John_Chrysostom_-_NG.M.01522_-_National_Museum_of_Art,_Architecture_and_Design.jpg",museum,Public domain,St. John Chrysostom,,
OS-0023,icons/permission/theophany-works/OS-0023-ssbc01.jpg,Permission:theophany-works,,https://theophanyworks.com/icon-sts-basil-and-john-chrysostom-17th-c-00ssbc01/,shop,Available to order,Sts. Basil and John Chrysostom,17th c.,Theophany Works
OS-0023,icons/permission/theophany-works/OS-0023-stjc01.jpg,Permission:theophany-works,,https://theophanyworks.com/icon-of-st-john-chrysostom-liturgizing-00stjc01/,shop,Available to order,St. John Chrysostom (Liturgizing),,Theophany Works
OS-0024,icons/OS-0024.jpg,PD-art,,https://commons.wikimedia.org/wiki/File:Saint-Athanasius-of-Alexandria-icon-Sozopol-Bulgaria-17century.jpg,museum,Public domain,St. Athanasius the Great,,
OS-0025,icons/OS-0025.jpg,PD-art,,"https://commons.wikimedia.org/wiki/File:Gregor_Palamas_by_North_Greece_anonym_(15th_c.,_Pushkin_museum).jpg",museum,Public domain,St. Gregory Palamas,,
OS-0025,icons/permission/theophany-works/OS-0025-stgp02.jpg,Permission:theophany-works,,https://theophanyworks.com/icon-of-st-gregory-palamas-21st-c-00stgp02/,shop,Available to order,St. Gregory Palamas,21st c.,Theophany Works
OS-0026,icons/OS-0026.jpg,PD-art,,https://commons.wikimedia.org/wiki/File:Cretan_Icon_of_Saint_Anthony_the_Great_and_Temptations.jpg,museum,Public domain,St. Anthony the Great,,
OS-0027,icons/OS-0027.jpg,PD-art,,https://commons.wikimedia.org/wiki/File:Mary_of_Egypt.gif,museum,Public domain,St. Mary of Egypt,,
OS-0030,icons/OS-0030.jpg,PD-old,,https://commons.wikimedia.org/wiki/File:Saint_Moses_the_Ethiopian_Fresco._Dormition_Cathedral_of_the_Moscow_Kremlin.jpg,museum,Public domain,St. Moses the Black,,
OS-0030,icons/permission/theophany-works/OS-0030-stmb02.jpg,Permission:theophany-works,,https://theophanyworks.com/icon-of-st-moses-the-black-00stmb02/,shop,Available to order,St. Moses the Black,,Theophany Works
OS-0031,icons/OS-0031-nea-moni.jpg,PD-old,,https://commons.wikimedia.org/wiki/File:Ephrem_the_Syrian_(mosaic_in_Nea_Moni).jpg,museum,Public domain,Nea Moni Mosaic,11th c.,Nea Moni · Chios
OS-0031,icons/OS-0031-miniature.jpg,PD-old,,https://commons.wikimedia.org/wiki/File:Ephrem_miniature_16c.jpg,museum,Public domain,Manuscript Miniature,16th c.,Slavonic manuscript
OS-0031,icons/OS-0031-dormition.jpg,PD-old,,"https://commons.wikimedia.org/wiki/File:Dormition_of_Saint_Ephraim_the_Syrian_(Cretan,_15th_c.,_Byzantine_museum).jpg",museum,Public domain,The Dormition of St Ephraim,15th c.,Cretan school · Byzantine Museum
OS-0036,icons/OS-0036.jpg,CC0,,https://commons.wikimedia.org/wiki/File:Commas_and_Damian_MET_DP832052.jpg,museum,Public domain,Holy Unmercenaries Cosmas and Damian of Asia,,
OS-0037,icons/OS-0037.jpg,PD-art,,https://commons.wikimedia.org/wiki/File:070_Saints_Constantine_and_Helen_Icon_from_Saint_Paraskevi_Church_in_Langadas.jpg,museum,Public domain,Emperor Constantine the Great,,
OS-0037,icons/permission/theophany-works/OS-0037-stch02.jpg,Permission:theophany-works,,https://theophanyworks.com/icon-of-sts-constantine-and-helen-21st-00stch02/,shop,Available to order,Sts. Constantine and Helen -21st,,Theophany Works
OS-0038,icons/OS-0038.jpg,PD-art,,https://commons.wikimedia.org/wiki/File:Cyril_and_Methodius_Icon_in_Saint_Paraskeva_Church_in_Popitsa.JPG,museum,Public domain,Sts. Cyril & Methodius,,
OS-0043,icons/OS-0043.jpg,PD-art,,https://commons.wikimedia.org/wiki/File:Seraphim_of_Sarov.jpg,museum,Public domain,St. Seraphim of Sarov,,
OS-0044,icons/OS-0044.jpg,CC-BY-SA-3.0,AlexEleon,https://commons.wikimedia.org/wiki/File:Saint_Herman_of_Alaska.jpg,museum,Creative Commons,St. Herman of Alaska,,AlexEleon
OS-0044,icons/permission/theophany-works/OS-0044-stha01.jpg,Permission:theophany-works,,https://theophanyworks.com/icon-of-st-herman-of-alaska-00stha01/,shop,Available to order,St. Herman of Alaska,,Theophany Works
OS-0046,icons/OS-0046.jpg,PD-art,,https://commons.wikimedia.org/wiki/File:Saint_Nektarios_of_Aegina_Icon.jpg,museum,Public domain,St. Nektarios of Aegina,,
OS-0046,icons/permission/theophany-works/OS-0046-stna02.jpg,Permission:theophany-works,,https://theophanyworks.com/icon-of-st-nektarios-of-aegina-20th-c-00stna02/,shop,Available to order,St. Nektarios of Aegina,20th c.,Theophany Works
OS-0046,icons/permission/theophany-works/OS-0046-stna03.jpg,Permission:theophany-works,,https://theophanyworks.com/icon-of-st-nektarios-of-aegina-20th-c-00stna03/,shop,Available to order,St. Nektarios of Aegina,20th c.,Theophany Works
OS-0047,icons/OS-0047.jpg,CC-BY-2.0,"Raymond Bucko, SJ",https://commons.wikimedia.org/wiki/File:Icon_of_Saint_Xenia_(7361669224).jpg,museum,Creative Commons,St. Xenia of St. Petersburg,,"Raymond Bucko, SJ"
OS-0047,icons/permission/theophany-works/OS-0047-stxp02.jpg,Permission:theophany-works,,https://theophanyworks.com/icon-of-st-xenia-of-saint-petersburg-21st-c-00stxp02/,shop,Available to order,St. Xenia of Saint Petersburg,21st c.,Theophany Works
OS-0050,icons/permission/theophany-works/OS-0050-stjs01.jpg,Permission:theophany-works,,https://theophanyworks.com/icon-of-st-john-maximovich-of-san-francisco-21st-c-00stjs01/,shop,Available to order,St. John Maximovich of San Francisco,21st c.,Theophany Works
OS-0050,icons/permission/theophany-works/OS-0050.jpg,Permission:theophany-works,,https://theophanyworks.com/icon-of-st-john-maximovich-of-san-francisco-21st-c-00stjs02/,shop,Available to order,St. John Maximovich of San Francisco,21st c.,Theophany Works
OS-0060,icons/permission/theophany-works/OS-0060-stpr01.jpg,Permission:theophany-works,,https://theophanyworks.com/icon-of-st-paraskevi-of-rome-20th-c-00stpr01/,shop,Available to order,St. Paraskevi of Rome,20th c.,Theophany Works
OS-0476,icons/permission/theophany-works/OS-0476-stca01.jpg,Permission:theophany-works,,https://theophanyworks.com/icon-of-st-cyril-of-alexandria-liturgizing-00stca01/,shop,Available to order,St. Cyril of Alexandria (Liturgizing),,Theophany Works
OS-1135,icons/permission/theophany-works/OS-1135-stch02.jpg,Permission:theophany-works,,https://theophanyworks.com/icon-of-st-christopher-21st-c-00stch02/,shop,Available to order,St. Christopher,21st c.,Theophany Works
OS-1225,icons/permission/theophany-works/OS-1225-rime01.jpg,Permission:theophany-works,,https://theophanyworks.com/icon-of-righteous-melchizedek-21st-c-standing-00rime01/,shop,Available to order,Righteous Melchizedek,21st c.,Theophany Works
OS-1801,icons/permission/theophany-works/OS-1801-stac02.jpg,Permission:theophany-works,,https://theophanyworks.com/icon-of-st-alexander-of-constantinople-00stac02/,shop,Available to order,St. Alexander of Constantinople,,Theophany Works
OS-1801,icons/permission/theophany-works/OS-1801-stac03.jpg,Permission:theophany-works,,https://theophanyworks.com/icon-of-st-alexander-of-constantinople-21st-c-00stac03/,shop,Available to order,St. Alexander of Constantinople,21st c.,Theophany Works
OS-1971,icons/permission/theophany-works/OS-1971-stse01.jpg,Permission:theophany-works,,https://theophanyworks.com/icon-of-saint-sergius-the-martyr-00stse01/,shop,Available to order,Saint Sergius the Martyr,,Theophany Works
OS-2083,icons/permission/theophany-works/OS-2083-stoa02.jpg,Permission:theophany-works,,https://theophanyworks.com/icon-of-st-olga-of-alaska-standing-00stoa02/,shop,Available to order,St. Olga of Alaska Standing,,Theophany Works
OS-2393,icons/permission/theophany-works/OS-2393-stia01.jpg,Permission:theophany-works,,https://theophanyworks.com/icon-of-st-ignatios-of-antioch-00stia01/,shop,Available to order,St. Ignatios of Antioch,,Theophany Works
OS-2584,icons/permission/theophany-works/OS-2584-stjh02.jpg,Permission:theophany-works,,https://theophanyworks.com/icon-of-st-joseph-the-hesychast-00stjh02/,shop,Available to order,St. Joseph the Hesychast,,Theophany Works
OS-2584,icons/permission/theophany-works/OS-2584.jpg,Permission:theophany-works,,https://theophanyworks.com/icon-of-st-joseph-the-hesychast-00stjh01/,shop,Available to order,St. Joseph the Hesychast,,Theophany Works
OS-2749,icons/permission/theophany-works/OS-2749-stpa03.jpg,Permission:theophany-works,,https://theophanyworks.com/icon-of-saint-paul-s-baptism-by-saint-ananias-00stpa03/,shop,Available to order,Saint Paul's Baptism by Saint Ananias,,Theophany Works
OS-0000,icons/permission/theophany-works/OS-0000-sinai.jpg,Permission:theophany-works,,https://theophanyworks.com/icon-of-christ-the-pantocrator-of-mt-sinai-6th-c-00ljc005/,shop,Available to order,Christ Pantocrator of Mt Sinai,6th c.,Theophany Works
OS-0000,icons/permission/theophany-works/OS-0000-hilandar.jpg,Permission:theophany-works,,https://theophanyworks.com/icon-of-christ-the-pantocrator-of-hilander-monastery-mt-athos-13th-c-00ljc005/,shop,Available to order,"Christ Pantocrator of Hilandar Monastery, Mt Athos",13th c.,Theophany Works
OS-0000,icons/permission/theophany-works/OS-0000-pantocrator.jpg,Permission:theophany-works,,https://theophanyworks.com/icon-of-christ-the-pantocrator-21st-c-00ljc018/,shop,Available to order,Christ Pantocrator,21st c.,Theophany Works
OS-0000,icons/permission/theophany-works/OS-0000-steelton.jpg,Permission:theophany-works,,https://theophanyworks.com/icon-of-christ-the-pantocrator-of-steelton-21st-c-00ljc023/,shop,Available to order,Christ Pantocrator of Steelton,21st c.,Theophany Works
OS-0000,icons/permission/theophany-works/OS-0000-high-priest.jpg,Permission:theophany-works,,https://theophanyworks.com/icon-of-christ-the-great-high-priest-standing-00ljc001/,shop,Available to order,Christ the Great High Priest,,Theophany Works
OS-0000,icons/permission/theophany-works/OS-0000-bridegroom.jpg,Permission:theophany-works,,https://theophanyworks.com/icon-of-christ-the-bridegroom-21st-c-00ljc023/,shop,Available to order,Christ the Bridegroom,21st c.,Theophany Works
OS-0000,icons/permission/theophany-works/OS-0000-standing.jpg,Permission:theophany-works,,https://theophanyworks.com/icon-of-the-lord-jesus-christ-standing-standing-20th-c-00ljc003/,shop,Available to order,The Lord Jesus Christ (standing),20th c.,Theophany Works
OS-0000,icons/permission/theophany-works/OS-0000-baptism.jpg,Permission:theophany-works,,https://theophanyworks.com/icon-of-the-baptism-of-christ-theophany-20th-c-00fth001/,shop,Available to order,The Baptism of Christ (Theophany),20th c.,Theophany Works
OS-0000,icons/permission/theophany-works/OS-0000-nativity.jpg,Permission:theophany-works,,https://theophanyworks.com/icon-of-the-nativity-of-christ-christmas-21st-c-00fnc003/,shop,Available to order,The Nativity of Christ,21st c.,Theophany Works
OS-0000,icons/permission/theophany-works/OS-0000-transfiguration.jpg,Permission:theophany-works,,https://theophanyworks.com/icon-of-the-transfiguration-of-christ-00ftr001/,shop,Available to order,The Transfiguration of Christ,,Theophany Works
OS-1541,icons/OS-1541-nicholas.jpg,PD-old,,https://commons.wikimedia.org/wiki/File:Nicholas_II_by_Boissonnas_%26_Eggler_c1909.jpg,museum,Photograph,Tsar Nicholas II,c. 1909,Boissonnas & Eggler
OS-1541,icons/OS-1541-alexandra.jpg,PD-old,,https://commons.wikimedia.org/wiki/File:Alexandra_Feodorovna_of_Russia_(1872-1918)%2C_wearing_pearls_and_a_tiara.jpg,museum,Photograph,Tsarina Alexandra Feodorovna,before 1914,
OS-1541,icons/OS-1541-grand-duchesses.jpg,PD-old,,https://commons.wikimedia.org/wiki/File:OTMA_in_1914.jpg,museum,Photograph,"The Grand Duchesses — Olga, Tatiana, Maria & Anastasia",1914,
OS-1541,icons/OS-1541-alexei.jpg,PD-old,,https://commons.wikimedia.org/wiki/File:Alexei_Nikolaevich%2C_Tsarevich_of_Russia.jpg,museum,Photograph,Tsarevich Alexei,1913,Boasson & Eggler
OS-0000,icons/permission/theophany-works/OS-0000-lord-almighty-moscow.jpg,Permission:theophany-works,,https://theophanyworks.com/icon-of-christ-lord-almighty-moscow-17th-c-00ljc022/,shop,Available to order,Christ the Lord Almighty (Moscow),17th c.,Theophany Works
OS-0000,icons/permission/theophany-works/OS-0000-pantocrator-15th-c.jpg,Permission:theophany-works,,https://theophanyworks.com/icon-of-christ-the-pantocrator-15th-c-00ljc020/,shop,Available to order,Christ the Pantocrator,15th c.,Theophany Works
OS-0000,icons/permission/theophany-works/OS-0000-pantocrator-20th-c.jpg,Permission:theophany-works,,https://theophanyworks.com/icon-of-christ-the-pantocrator-20th-c-00ljc010/,shop,Available to order,Christ the Pantocrator,20th c.,Theophany Works
OS-0000,icons/permission/theophany-works/OS-0000-high-priest-enthroned-corfu.jpg,Permission:theophany-works,,https://theophanyworks.com/icon-of-christ-the-high-priest-enthroned-kerkyras-corfu-00ljc008/,shop,Available to order,Christ the High Priest Enthroned (Corfu),,Theophany Works
OS-0000,icons/permission/theophany-works/OS-0000-ancient-of-days.jpg,Permission:theophany-works,,https://theophanyworks.com/icon-of-the-ancient-of-days-preincarnate-christ-ubisi-monastery-georgia-14th-c-00ljc018/,shop,Available to order,"The Ancient of Days — Pre-incarnate Christ (Ubisi, Georgia)",14th c.,Theophany Works
OS-0000,icons/permission/theophany-works/OS-0000-high-priest-21st-c.jpg,Permission:theophany-works,,https://theophanyworks.com/icon-of-christ-the-high-priest-21st-c-00ljc026/,shop,Available to order,Christ the High Priest,21st c.,Theophany Works
OS-0000,icons/permission/theophany-works/OS-0000-great-commission.jpg,Permission:theophany-works,,https://theophanyworks.com/icon-of-christ-the-great-comission-20th-c-00ljc007/,shop,Available to order,Christ the Great Commission,20th c.,Theophany Works
OS-0000,icons/permission/theophany-works/OS-0000-enthroned-in-glory.jpg,Permission:theophany-works,,https://theophanyworks.com/icon-of-christ-enthroned-in-glory-17th-c-00ljc025/,shop,Available to order,Christ Enthroned in Glory,17th c.,Theophany Works
OS-0000,icons/permission/theophany-works/OS-0000-extreme-humility.jpg,Permission:theophany-works,,https://theophanyworks.com/icon-of-christ-s-extreme-humility-detail-00ljc018/,shop,Available to order,Christ the Extreme Humility (Akra Tapeinosis),,Theophany Works
OS-0000,icons/permission/theophany-works/OS-0000-anapeson.jpg,Permission:theophany-works,,https://theophanyworks.com/icon-of-christ-the-resting-one-anapeson-21st-c-00ljc006/,shop,Available to order,Christ the Resting One (Anapeson),21st c.,Theophany Works
OS-0000,icons/permission/theophany-works/OS-0000-suffer-the-children.jpg,Permission:theophany-works,,https://theophanyworks.com/icon-of-christ-suffer-the-little-children-20th-c-00ljc011/,shop,Available to order,Christ — Suffer the Little Children,20th c.,Theophany Works
OS-0000,icons/permission/theophany-works/OS-0000-holy-napkin.jpg,Permission:theophany-works,,https://theophanyworks.com/icon-of-the-holy-napkin-made-without-human-hands-russian-17th-c-00ljc015/,shop,Available to order,The Holy Napkin — Not-Made-by-Hands (Russian),17th c.,Theophany Works
OS-0001,icons/permission/theophany-works/OS-0001-glykophilousa-philotheou.jpg,Permission:theophany-works,,https://theophanyworks.com/icon-of-the-sweet-kissing-theotokos-glykophilousa-philotheou-00vmt007/,shop,Available to order,"Sweet-Kissing Theotokos (Glykophilousa, Philotheou)",,Theophany Works
OS-0001,icons/permission/theophany-works/OS-0001-sinai-7th-c.jpg,Permission:theophany-works,,https://theophanyworks.com/icon-of-the-virgin-and-christ-child-st-catherine-s-mt-sinai-7th-c-00vmt010/,shop,Available to order,"Virgin and Christ Child (St Catherine's, Mt Sinai)",7th c.,Theophany Works
OS-0001,icons/permission/theophany-works/OS-0001-of-the-sign.jpg,Permission:theophany-works,,https://theophanyworks.com/icon-of-the-theotokos-of-the-sign-mother-of-the-light-21st-c-00vmt008/,shop,Available to order,Theotokos of the Sign — Mother of the Light,21st c.,Theophany Works
OS-0001,icons/permission/theophany-works/OS-0001-kahn-madonna.jpg,Permission:theophany-works,,https://theophanyworks.com/icon-of-the-theotokos-enthroned-kahn-madonna-constantinople-13th-c-00mtc014/,shop,Available to order,"Theotokos Enthroned (Kahn Madonna, Constantinople)",13th c.,Theophany Works
OS-0001,icons/permission/theophany-works/OS-0001-kykkos-merciful.jpg,Permission:theophany-works,,https://theophanyworks.com/icon-of-the-theotokos-kykkos-the-merciful-21st-c-00vmt008/,shop,Available to order,"Theotokos of Kykkos, the Merciful",21st c.,Theophany Works
OS-0001,icons/permission/theophany-works/OS-0001-vladimir.jpg,Permission:theophany-works,,https://theophanyworks.com/icon-of-the-vladimir-mother-of-god-00mtc006/,shop,Available to order,The Vladimir Mother of God,,Theophany Works
OS-0001,icons/permission/theophany-works/OS-0001-hodegetria-stavronikita.jpg,Permission:theophany-works,,https://theophanyworks.com/icon-of-the-theotokos-hodegetria-stavronikita-16th-c-00mtc017/,shop,Available to order,Theotokos Hodegetria (Stavronikita),16th c.,Theophany Works
OS-0001,icons/permission/theophany-works/OS-0001-enthroned-constantinople.jpg,Permission:theophany-works,,https://theophanyworks.com/icon-of-the-theotokos-enthroned-constantinople-13th-c-00mtc014/,shop,Available to order,Theotokos Enthroned (Constantinople),13th c.,Theophany Works
OS-0001,icons/permission/theophany-works/OS-0001-glykophilousa-usa.jpg,Permission:theophany-works,,https://theophanyworks.com/icon-of-the-sweet-kissing-theotokos-glykophilousa-usa-21st-c-00vmt018/,shop,Available to order,"Sweet-Kissing Theotokos (Glykophilousa, USA)",21st c.,Theophany Works
OS-0001,icons/permission/theophany-works/OS-0001-glykophilousa-detail.jpg,Permission:theophany-works,,https://theophanyworks.com/icon-of-the-sweet-kissing-theotokos-glykophilousa-detail-20th-c-00vmt004/,shop,Available to order,"Sweet-Kissing Theotokos (Glykophilousa, detail)",20th c.,Theophany Works
OS-0001,icons/permission/theophany-works/OS-0001-glykophilousa-21st-c.jpg,Permission:theophany-works,,https://theophanyworks.com/icon-of-the-sweet-kissing-theotokos-glykophilousa-21st-c-00vmt012/,shop,Available to order,Sweet-Kissing Theotokos (Glykophilousa),21st c.,Theophany Works
OS-0001,icons/permission/theophany-works/OS-0001-glykophilousa-byzantino.jpg,Permission:theophany-works,,https://theophanyworks.com/icon-of-the-sweet-kissing-theotokos-glykophilousa-20thc-byzantino-russian-00vmt013/,shop,Available to order,"Sweet-Kissing Theotokos (Glykophilousa, Byzantine-Russian)",20th c.,Theophany Works
OS-0001,icons/permission/theophany-works/OS-0001-enthroned-corfu.jpg,Permission:theophany-works,,https://theophanyworks.com/icon-of-the-theotokos-enthroned-kerkyras-corfu-00mtc005/,shop,Available to order,Theotokos Enthroned (Corfu),,Theophany Works
OS-0001,icons/permission/theophany-works/OS-0001-standing.jpg,Permission:theophany-works,,https://theophanyworks.com/icon-of-the-holy-theotokos-standing-20th-c-00vmt001/,shop,Available to order,The Holy Theotokos Standing,20th c.,Theophany Works
OS-0050,icons/permission/theophany-works/OS-0050-stjs04.jpg,Permission:theophany-works,,https://theophanyworks.com/icon-of-st-john-maximovich-of-san-francisco-21st-c-00stjs04/,shop,Available to order,St John Maximovich of San Francisco,21st c.,Theophany Works
OS-0050,icons/permission/theophany-works/OS-0050-stjs03.jpg,Permission:theophany-works,,https://theophanyworks.com/icon-of-st-john-maximovich-of-san-francisco-20th-c-00stjs03/,shop,Available to order,St John Maximovich of San Francisco,20th c.,Theophany Works
OS-0021,icons/permission/theophany-works/OS-0021-stbg02.jpg,Permission:theophany-works,,https://theophanyworks.com/icon-st-basil-the-great-21st-c-00stbg02/,shop,Available to order,St Basil the Great,21st c.,Theophany Works
OS-0092,icons/permission/theophany-works/OS-0092-athena.jpg,Permission:theophany-works,,https://theophanyworks.com/icon-of-st-athena-21st-c-00stat02/,shop,Available to order,"St Athena, one of the Forty Virgin-Martyrs",,Theophany Works
OS-0013,icons/permission/theophany-works/OS-0013-myrrh-04.jpg,Permission:theophany-works,,https://theophanyworks.com/icon-of-st-demetrios-the-myrrh-streamer-00stde04/,shop,Available to order,St Demetrios the Myrrh-streamer,,Theophany Works
OS-0001,icons/permission/theophany-works/OS-0001-kykkotissa.jpg,Permission:theophany-works,,https://theophanyworks.com/icon-of-the-theotokos-kykkotissa-kiksk-eleusa-17th-c-00vmt016/,shop,Available to order,Theotokos Kykkotissa (Eleousa),17th c.,Theophany Works
OS-1763,icons/permission/theophany-works/protaton-lupos-artemios-mercurios.jpg,Permission:theophany-works,,https://theophanyworks.com/icon-of-sts-lupos-artemios-and-mercurios-church-of-the-protaton-athos-13th-c-00stlu01/,shop,Available to order,"Sts Lupos, Artemios and Mercurios — the Protaton, Mount Athos",13th c.,Theophany Works
OS-2045,icons/permission/theophany-works/protaton-lupos-artemios-mercurios.jpg,Permission:theophany-works,,https://theophanyworks.com/icon-of-sts-lupos-artemios-and-mercurios-church-of-the-protaton-athos-13th-c-00stlu01/,shop,Available to order,"Sts Lupos, Artemios and Mercurios — the Protaton, Mount Athos",13th c.,Theophany Works
OS-2247,icons/permission/theophany-works/protaton-lupos-artemios-mercurios.jpg,Permission:theophany-works,,https://theophanyworks.com/icon-of-sts-lupos-artemios-and-mercurios-church-of-the-protaton-athos-13th-c-00stlu01/,shop,Available to order,"Sts Lupos, Artemios and Mercurios — the Protaton, Mount Athos",13th c.,Theophany Works
OS-2377,icons/permission/theophany-works/OS-2377-three-youths.jpg,Permission:theophany-works,,https://theophanyworks.com/icon-of-the-three-youths-in-the-fiery-furnace-00otty001/,shop,Available to order,The Three Holy Youths in the Fiery Furnace,,Theophany Works
OS-0057,icons/permission/theophany-works/OS-0057-red-sea.jpg,Permission:theophany-works,,https://theophanyworks.com/icon-of-the-crossing-of-the-red-sea-00otrs001/,shop,Available to order,The Crossing of the Red Sea,,Theophany Works
OS-1984,icons/permission/theophany-works/abraham-sacrifice-of-isaac.jpg,Permission:theophany-works,,https://theophanyworks.com/icon-of-the-sacrifice-of-isaac-21st-c-bust-00otsi001/,shop,Available to order,The Sacrifice of Isaac,21st c.,Theophany Works
OS-2348,icons/permission/theophany-works/abraham-sacrifice-of-isaac.jpg,Permission:theophany-works,,https://theophanyworks.com/icon-of-the-sacrifice-of-isaac-21st-c-bust-00otsi001/,shop,Available to order,The Sacrifice of Isaac,21st c.,Theophany Works
OS-1984,icons/permission/theophany-works/abraham-hospitality-21st-c.jpg,Permission:theophany-works,,https://theophanyworks.com/icon-of-the-hospitality-of-abraham-holy-trinity-21st-c-00htha018/,shop,Available to order,The Hospitality of Abraham — the Holy Trinity,21st c.,Theophany Works
OS-1984,icons/permission/theophany-works/abraham-hospitality.jpg,Permission:theophany-works,,https://theophanyworks.com/icon-of-the-hospitality-of-abraham-holy-trinity-00htha017/,shop,Available to order,The Hospitality of Abraham at the Oak of Mamre,,Theophany Works
OS-0000,icons/permission/theophany-works/wedding-at-cana.jpg,Permission:theophany-works,,https://theophanyworks.com/icon-of-the-wedding-at-cana-21st-c-00fwc001/,shop,Available to order,The Wedding at Cana,21st c.,Theophany Works
OS-0000,icons/permission/theophany-works/flight-to-egypt-decani.jpg,Permission:theophany-works,,https://theophanyworks.com/icon-of-the-flight-to-egypt-decani-monastery-14th-c-00fst001/,shop,Available to order,The Flight into Egypt — Dečani Monastery,14th c.,Theophany Works
OS-0001,icons/permission/theophany-works/flight-to-egypt-decani.jpg,Permission:theophany-works,,https://theophanyworks.com/icon-of-the-flight-to-egypt-decani-monastery-14th-c-00fst001/,shop,Available to order,The Flight into Egypt — Dečani Monastery,14th c.,Theophany Works
OS-0075,icons/permission/theophany-works/flight-to-egypt-decani.jpg,Permission:theophany-works,,https://theophanyworks.com/icon-of-the-flight-to-egypt-decani-monastery-14th-c-00fst001/,shop,Available to order,The Flight into Egypt — Dečani Monastery,14th c.,Theophany Works
OS-0000,icons/permission/theophany-works/set-christ-theotokos-standing.jpg,Permission:theophany-works,,https://theophanyworks.com/icon-set-of-christ-and-the-theotokos-standing-20th-c-setcp003/,shop,Available to order,Christ and the Theotokos — a standing pair,20th c.,Theophany Works
OS-0001,icons/permission/theophany-works/set-christ-theotokos-standing.jpg,Permission:theophany-works,,https://theophanyworks.com/icon-set-of-christ-and-the-theotokos-standing-20th-c-setcp003/,shop,Available to order,Christ and the Theotokos — a standing pair,20th c.,Theophany Works
OS-0000,icons/permission/theophany-works/set-christ-theotokos-kosova.jpg,Permission:theophany-works,,https://theophanyworks.com/icon-set-of-christ-and-theotokos-kyriakos-kosova-bust-21st-c-setcp002/,shop,Available to order,Christ and the Theotokos — Kyriakos Kosova,21st c.,Theophany Works
OS-0001,icons/permission/theophany-works/set-christ-theotokos-kosova.jpg,Permission:theophany-works,,https://theophanyworks.com/icon-set-of-christ-and-theotokos-kyriakos-kosova-bust-21st-c-setcp002/,shop,Available to order,Christ and the Theotokos — Kyriakos Kosova,21st c.,Theophany Works
OS-0000,icons/permission/theophany-works/set-christ-theotokos-corfu.jpg,Permission:theophany-works,,https://theophanyworks.com/icon-set-of-christ-and-theotokos-enthroned-corfu-setcp004/,shop,Available to order,Christ and the Theotokos Enthroned — Kerkyra,,Theophany Works
OS-0001,icons/permission/theophany-works/set-christ-theotokos-corfu.jpg,Permission:theophany-works,,https://theophanyworks.com/icon-set-of-christ-and-theotokos-enthroned-corfu-setcp004/,shop,Available to order,Christ and the Theotokos Enthroned — Kerkyra,,Theophany Works
OS-0000,icons/permission/theophany-works/set-christ-panagia-sweetly-kissing.jpg,Permission:theophany-works,,https://theophanyworks.com/icon-set-of-christ-and-panagia-sweetly-kissing-bust-21st-c-setcp001/,shop,Available to order,Christ and the Panagia Glykophilousa,21st c.,Theophany Works
OS-0001,icons/permission/theophany-works/set-christ-panagia-sweetly-kissing.jpg,Permission:theophany-works,,https://theophanyworks.com/icon-set-of-christ-and-panagia-sweetly-kissing-bust-21st-c-setcp001/,shop,Available to order,Christ and the Panagia Glykophilousa,21st c.,Theophany Works
OS-0004,icons/permission/theophany-works/set-peter-and-paul.jpg,Permission:theophany-works,,https://theophanyworks.com/icon-set-of-saints-peter-and-paul-20th-c-setpp001/,shop,Available to order,Saints Peter and Paul — a pair,20th c.,Theophany Works
OS-2749,icons/permission/theophany-works/set-peter-and-paul.jpg,Permission:theophany-works,,https://theophanyworks.com/icon-set-of-saints-peter-and-paul-20th-c-setpp001/,shop,Available to order,Saints Peter and Paul — a pair,20th c.,Theophany Works
OS-0005,icons/permission/theophany-works/set-four-evangelists.jpg,Permission:theophany-works,,https://theophanyworks.com/icon-set-of-the-four-evangelists-21st-c-setev001/,shop,Available to order,The Four Evangelists,21st c.,Theophany Works
OS-0006,icons/permission/theophany-works/set-four-evangelists.jpg,Permission:theophany-works,,https://theophanyworks.com/icon-set-of-the-four-evangelists-21st-c-setev001/,shop,Available to order,The Four Evangelists,21st c.,Theophany Works
OS-1061,icons/permission/theophany-works/set-four-evangelists.jpg,Permission:theophany-works,,https://theophanyworks.com/icon-set-of-the-four-evangelists-21st-c-setev001/,shop,Available to order,The Four Evangelists,21st c.,Theophany Works
OS-2201,icons/permission/theophany-works/set-four-evangelists.jpg,Permission:theophany-works,,https://theophanyworks.com/icon-set-of-the-four-evangelists-21st-c-setev001/,shop,Available to order,The Four Evangelists,21st c.,Theophany Works
OS-1548,icons/permission/legacy-icons/OS-1548-saint-elizabeth-the-new-martyr-icon.jpg,Permission:legacy-icons,,https://legacyicons.com/saint-elizabeth-the-new-martyr-stryzhak-icon-s440/,shop,Available to order,Saint Elizabeth the New Martyr,,Stryzhak
OS-1061,icons/permission/legacy-icons/OS-1061-apostle-mark-icon.jpg,Permission:legacy-icons,,https://legacyicons.com/apostle-mark-koufos-icon-s624/,shop,Available to order,Apostle Mark,,Koufos
OS-2938,icons/permission/legacy-icons/OS-2938-saints-peter-and-paul-icon.jpg,Permission:legacy-icons,,https://legacyicons.com/saints-peter-and-paul-xxic-icon-s230/,shop,Available to order,Saints Peter and Paul,21st c.,Legacy Icons
OS-2201,icons/permission/legacy-icons/OS-2201-apostle-matthew-icon.jpg,Permission:legacy-icons,,https://legacyicons.com/apostle-matthew-koufos-icon-s623/,shop,Available to order,Apostle Matthew,,Koufos
OS-2935,icons/OS-2935-miniature.jpg,PD-art,,https://commons.wikimedia.org/wiki/File:Seventy_Disciples.jpg,museum,Public domain,The Seventy Disciples,15th c.,Greek-Georgian menologion · Russian National Library
OS-0000,icons/permission/legacy-icons/OS-0000-mystical-supper-whirledge-icon-f386.jpg,Permission:legacy-icons,,https://legacyicons.com/mystical-supper-whirledge-icon-f386/,shop,Available to order,Mystical Supper (Whirledge),,Legacy Icons
OS-0000,icons/permission/legacy-icons/OS-0000-feeding-of-the-5000-athos-icon-f231.jpg,Permission:legacy-icons,,https://legacyicons.com/feeding-of-the-5000-athos-icon-f231/,shop,Available to order,Feeding of the 5000 (Athos),,Legacy Icons
OS-0000,icons/permission/legacy-icons/OS-0000-christ-as-a-youth-in-the-temple-decani-icon-.jpg,Permission:legacy-icons,,https://legacyicons.com/christ-as-a-youth-in-the-temple-decani-icon-f411/,shop,Available to order,Christ as a Youth in the Temple (Decani),,Legacy Icons
OS-0001,icons/permission/legacy-icons/OS-0001-theotokos-the-unfading-flower-icon-t173.jpg,Permission:legacy-icons,,https://legacyicons.com/theotokos-the-unfading-flower-icon-t173/,shop,Available to order,"Theotokos ""the Unfading Flower""",,Legacy Icons
OS-1527,icons/permission/legacy-icons/OS-1527-apostles-aquila-and-priscilla-whirledge-icon.jpg,Permission:legacy-icons,,https://legacyicons.com/apostles-aquila-and-priscilla-whirledge-icon-s660/,shop,Available to order,Apostles Aquila and Priscilla (Whirledge),,Legacy Icons
OS-2580,icons/permission/legacy-icons/OS-1527-apostles-aquila-and-priscilla-whirledge-icon.jpg,Permission:legacy-icons,,https://legacyicons.com/apostles-aquila-and-priscilla-whirledge-icon-s660/,shop,Available to order,Apostles Aquila and Priscilla (Whirledge),,Legacy Icons
OS-2425,icons/permission/legacy-icons/OS-2425-massacre-of-the-holy-innocents-athos-icon-f2.jpg,Permission:legacy-icons,,https://legacyicons.com/massacre-of-the-holy-innocents-athos-icon-f238/,shop,Available to order,Massacre of the Holy Innocents (Athos),,Legacy Icons
OS-2524,icons/permission/legacy-icons/OS-2524-adam-naming-the-animals-meteora-icon-f262.jpg,Permission:legacy-icons,,https://legacyicons.com/adam-naming-the-animals-meteora-icon-f262/,shop,Available to order,Adam Naming the Animals (Meteora),,Legacy Icons
OS-0027,icons/permission/legacy-icons/OS-0027-saint-mary-of-egypt-icon.jpg,Permission:legacy-icons,,https://legacyicons.com/saint-mary-of-egypt-xxic-icon-s573/,shop,Available to order,Saint Mary of Egypt,21st c.,Legacy Icons
OS-0007,icons/permission/legacy-icons/OS-0007-saint-mary-magdalene-icon.jpg,Permission:legacy-icons,,https://legacyicons.com/saint-mary-magdalene-icon-s229/,shop,Available to order,Saint Mary Magdalene,,Legacy Icons
OS-0044,icons/permission/legacy-icons/OS-0044-saint-herman-of-alaska-icon.jpg,Permission:legacy-icons,,https://legacyicons.com/saint-herman-of-alaska-xxic-icon-s226/,shop,Available to order,Saint Herman of Alaska,21st c.,Legacy Icons
OS-0046,icons/permission/legacy-icons/OS-0046-saint-nektarios-of-aegina-icon.jpg,Permission:legacy-icons,,https://legacyicons.com/saint-nektarios-of-aegina-fiorenzo-icon-s636/,shop,Available to order,Saint Nektarios of Aegina,,Fiorenzo
OS-0389,icons/permission/legacy-icons/OS-0389-saint-nikephoros-the-leper-icon.jpg,Permission:legacy-icons,,https://legacyicons.com/saint-nikephoros-the-leper-icon-prayer-card/,shop,Available to order,Saint Nikephoros the Leper Icon Prayer Card,,Legacy Icons
OS-0050,icons/permission/legacy-icons/OS-0050-saint-john-maximovitch-of-shanghai-and-s.jpg,Permission:legacy-icons,,https://legacyicons.com/saint-john-maximovitch-of-shanghai-and-san-francisco-icon-s208/,shop,Available to order,Saint John Maximovitch of Shanghai and San Francisco,,Legacy Icons
OS-0077,icons/permission/legacy-icons/OS-0077-saint-euphrosynos-the-cook-icon.jpg,Permission:legacy-icons,,https://legacyicons.com/saint-euphrosynos-the-cook-fiorenzo-icon-s637/,shop,Available to order,Saint Euphrosynos the Cook,,Fiorenzo
OS-0077,icons/permission/legacy-icons/OS-0077-euphrosynos-the-cook-icon.jpg,Permission:legacy-icons,,https://legacyicons.com/euphrosynos-the-cook-icon-s262/,shop,Available to order,Euphrosynos the Cook,,Legacy Icons
OS-1135,icons/permission/legacy-icons/OS-1135-saint-christopher-of-lycia-icon.jpg,Permission:legacy-icons,,https://legacyicons.com/saint-christopher-of-lycia-icon-s270/,shop,Available to order,Saint Christopher of Lycia,,Legacy Icons
OS-0006,icons/permission/legacy-icons/OS-0006-saint-luke-the-evangelist-icon.jpg,Permission:legacy-icons,,https://legacyicons.com/saint-luke-the-evangelist-xxic-icon-s508/,shop,Available to order,Saint Luke the Evangelist,21st c.,Legacy Icons
OS-0055,icons/permission/legacy-icons/OS-0055-saint-raphael-of-brooklyn-icon.jpg,Permission:legacy-icons,,https://legacyicons.com/saint-raphael-of-brooklyn-icon-s592/,shop,Available to order,Saint Raphael of Brooklyn,,Legacy Icons
OS-0005,icons/permission/legacy-icons/OS-0005-saint-john-the-theologian-and-evangelist.jpg,Permission:legacy-icons,,https://legacyicons.com/saint-john-the-theologian-and-evangelist-xxic-icon-s509/,shop,Available to order,Saint John the Theologian and Evangelist,21st c.,Legacy Icons
OS-0087,icons/permission/legacy-icons/OS-0087-saint-silouan-the-athonite-icon.jpg,Permission:legacy-icons,,https://legacyicons.com/saint-silouan-the-athonite-icon-s216/,shop,Available to order,Saint Silouan the Athonite,,Legacy Icons
OS-2201,icons/permission/legacy-icons/OS-2201-saint-matthew-the-evangelist-icon.jpg,Permission:legacy-icons,,https://legacyicons.com/saint-matthew-the-evangelist-xxic-icon-s506/,shop,Available to order,Saint Matthew the Evangelist,21st c.,Legacy Icons
OS-2393,icons/permission/legacy-icons/OS-2393-ignatius-the-god-bearer-of-antioch-icon.jpg,Permission:legacy-icons,,https://legacyicons.com/ignatius-the-god-bearer-of-antioch-athos-icon-s343/,shop,Available to order,Ignatius the God-bearer of Antioch (Athos),,Legacy Icons
OS-0027,icons/permission/legacy-icons/OS-0027-saint-mary-of-egypt-icon-s175.jpg,Permission:legacy-icons,,https://legacyicons.com/saint-mary-of-egypt-old-believer-icon-s175/,shop,Available to order,Saint Mary of Egypt (Old Believer),,Legacy Icons
OS-0031,icons/permission/legacy-icons/OS-0031-saint-ephraim-the-syrian-icon.jpg,Permission:legacy-icons,,https://legacyicons.com/saint-ephraim-the-syrian-icon-s415/,shop,Available to order,Saint Ephraim the Syrian,,Legacy Icons
OS-2584,icons/permission/legacy-icons/OS-2584-saint-joseph-the-hesychast-icon.jpg,Permission:legacy-icons,,https://legacyicons.com/saint-joseph-the-hesychast-icon-s569/,shop,Available to order,Saint Joseph the Hesychast,,Legacy Icons
OS-0003,icons/permission/legacy-icons/OS-0003-apostle-andrew-the-first-called-icon.jpg,Permission:legacy-icons,,https://legacyicons.com/apostle-andrew-the-first-called-icon-s630/,shop,Available to order,Apostle Andrew the First-Called,,Legacy Icons
OS-0045,icons/permission/legacy-icons/OS-0045-saint-john-of-kronstadt-icon.jpg,Permission:legacy-icons,,https://legacyicons.com/saint-john-of-kronstadt-icon-s237/,shop,Available to order,Saint John of Kronstadt,,Legacy Icons
OS-1894,icons/permission/legacy-icons/OS-1894-saint-peter-the-aleut-icon.jpg,Permission:legacy-icons,,https://legacyicons.com/saint-peter-the-aleut-icon-s212/,shop,Available to order,Saint Peter the Aleut,,Legacy Icons
OS-0043,icons/permission/legacy-icons/OS-0043-saint-seraphim-of-sarov-icon.jpg,Permission:legacy-icons,,https://legacyicons.com/saint-seraphim-of-sarov-davidovskiy-icon-s605/,shop,Available to order,Saint Seraphim of Sarov,,Davidovskiy
OS-0054,icons/permission/legacy-icons/OS-0054-saint-innocent-of-alaska-icon.jpg,Permission:legacy-icons,,https://legacyicons.com/saint-innocent-of-alaska-icon-s252/,shop,Available to order,Saint Innocent of Alaska,,Legacy Icons
OS-0052,icons/permission/legacy-icons/OS-0052-saint-porphyrios-of-kafsokalivia-icon.jpg,Permission:legacy-icons,,https://legacyicons.com/saint-porphyrios-of-kafsokalivia-fiorenzo-icon-s639/,shop,Available to order,Saint Porphyrios of Kafsokalivia,,Fiorenzo
OS-0052,icons/permission/legacy-icons/OS-0052-saint-porphyrios-of-kafsokalivia-icon-s489.jpg,Permission:legacy-icons,,https://legacyicons.com/saint-porphyrios-of-kafsokalivia-icon-s489/,shop,Available to order,Saint Porphyrios of Kafsokalivia,,Legacy Icons
OS-0062,icons/permission/legacy-icons/OS-0062-saint-stylianos-of-paphlagonia-icon.jpg,Permission:legacy-icons,,https://legacyicons.com/saint-stylianos-of-paphlagonia-icon-s239/,shop,Available to order,Saint Stylianos of Paphlagonia,,Legacy Icons
OS-0043,icons/permission/legacy-icons/OS-0043-saint-seraphim-of-sarov-icon-s360.jpg,Permission:legacy-icons,,https://legacyicons.com/saint-seraphim-of-sarov-icon-s360/,shop,Available to order,Saint Seraphim of Sarov,,Legacy Icons
OS-0018,icons/permission/legacy-icons/OS-0018-saint-theodore-the-recruit-icon.jpg,Permission:legacy-icons,,https://legacyicons.com/saint-theodore-the-recruit-xxic-icon-s572/,shop,Available to order,Saint Theodore the Recruit,21st c.,Legacy Icons
OS-0027,icons/permission/legacy-icons/OS-0027-saint-mary-of-egypt-icon-s176.jpg,Permission:legacy-icons,,https://legacyicons.com/saint-mary-of-egypt-koufos-icon-s176/,shop,Available to order,Saint Mary of Egypt,,Koufos
OS-0006,icons/permission/legacy-icons/OS-0006-apostle-luke-the-evangelist-icon.jpg,Permission:legacy-icons,,https://legacyicons.com/apostle-luke-the-evangelist-icon-s634/,shop,Available to order,Apostle Luke the Evangelist,,Legacy Icons
OS-0043,icons/permission/legacy-icons/OS-0043-saint-seraphim-of-sarov-icon-s192.jpg,Permission:legacy-icons,,https://legacyicons.com/saint-seraphim-of-sarov-xixc-icon-s192/,shop,Available to order,Saint Seraphim of Sarov,19th c.,Legacy Icons
OS-2066,icons/permission/legacy-icons/OS-2066-apostle-james-the-brother-of-the-lord-ic.jpg,Permission:legacy-icons,,https://legacyicons.com/apostle-james-the-brother-of-the-lord-athos-icon-s326/,shop,Available to order,"Apostle James, the Brother of the Lord (Athos)",,Legacy Icons
OS-0006,icons/permission/legacy-icons/OS-0006-saint-luke-the-evangelist-icon-s358.jpg,Permission:legacy-icons,,https://legacyicons.com/saint-luke-the-evangelist-koufos-icon-s358/,shop,Available to order,Saint Luke the Evangelist,,Koufos
OS-0038,icons/permission/legacy-icons/OS-0038-saints-cyril-and-methodius-icon.jpg,Permission:legacy-icons,,https://legacyicons.com/saints-cyril-and-methodius-icon-s128/,shop,Available to order,Saints Cyril and Methodius,,Legacy Icons
OS-0579,icons/permission/legacy-icons/OS-0579-saint-simeon-the-god-receiver.jpg,Permission:legacy-icons,,https://legacyicons.com/saint-simeon-the-god-receiver-chimev-s530/,shop,Available to order,Saint Simeon the God-Receiver,,Chimev
OS-0053,icons/permission/legacy-icons/OS-0053-saint-tikhon-of-moscow-icon.jpg,Permission:legacy-icons,,https://legacyicons.com/saint-tikhon-of-moscow-icon-s253/,shop,Available to order,Saint Tikhon of Moscow,,Legacy Icons
OS-0031,icons/permission/legacy-icons/OS-0031-saint-ephraim-the-syrian-icon-s638.jpg,Permission:legacy-icons,,https://legacyicons.com/saint-ephraim-the-syrian-fiorenzo-icon-s638/,shop,Available to order,Saint Ephraim the Syrian,,Fiorenzo
OS-0049,icons/permission/legacy-icons/OS-0049-saint-luke-of-crimea-icon.jpg,Permission:legacy-icons,,https://legacyicons.com/saint-luke-of-crimea-davidovskiy-icon-s533/,shop,Available to order,Saint Luke of Crimea,,Davidovskiy
OS-0003,icons/permission/legacy-icons/OS-0003-saint-andrew-the-first-called-apostle-ic.jpg,Permission:legacy-icons,,https://legacyicons.com/saint-andrew-the-first-called-apostle-whirledge-icon-s600/,shop,Available to order,Saint Andrew the First Called Apostle,,Whirledge
OS-0033,icons/permission/legacy-icons/OS-0033-saint-john-climacus-icon.jpg,Permission:legacy-icons,,https://legacyicons.com/saint-john-climacus-sinai-icon-s381/,shop,Available to order,Saint John Climacus (Sinai),,Legacy Icons
OS-1764,icons/permission/legacy-icons/OS-1764-saint-irenaeus-of-lyons-icon.jpg,Permission:legacy-icons,,https://legacyicons.com/saint-irenaeus-of-lyons-icon-s526/,shop,Available to order,Saint Irenaeus of Lyons,,Legacy Icons
OS-2201,icons/permission/legacy-icons/OS-2201-apostle-matthew-the-evangelist-icon.jpg,Permission:legacy-icons,,https://legacyicons.com/apostle-matthew-the-evangelist-icon-s632/,shop,Available to order,Apostle Matthew the Evangelist,,Legacy Icons
OS-0027,icons/permission/legacy-icons/OS-0027-saint-mary-of-egypt-icon-s668.jpg,Permission:legacy-icons,,https://legacyicons.com/saint-mary-of-egypt-whirledge-icon-s668/,shop,Available to order,Saint Mary of Egypt,,Whirledge
OS-1225,icons/permission/legacy-icons/OS-1225-righteous-melchizedek-king-of-salem-icon.jpg,Permission:legacy-icons,,https://legacyicons.com/righteous-melchizedek-king-of-salem-athos-icon-s287/,shop,Available to order,"Righteous Melchizedek, King of Salem (Athos)",,Legacy Icons
OS-0054,icons/permission/legacy-icons/OS-0054-saint-innocent-of-alaska-icon-s163.jpg,Permission:legacy-icons,,https://legacyicons.com/saint-innocent-of-alaska-koufos-icon-s163/,shop,Available to order,Saint Innocent of Alaska,,Koufos
OS-0389,icons/permission/legacy-icons/OS-0389-saint-nikephoros-the-leper-icon-s524.jpg,Permission:legacy-icons,,https://legacyicons.com/saint-nikephoros-the-leper-icon-s524/,shop,Available to order,Saint Nikephoros the Leper,,Legacy Icons
OS-0039,icons/permission/legacy-icons/OS-0039-saint-nina-enlightener-of-georgia-icon.jpg,Permission:legacy-icons,,https://legacyicons.com/saint-nina-enlightener-of-georgia-davidovskiy-icon-s563/,shop,Available to order,"Saint Nina, Enlightener of Georgia",,Davidovskiy
OS-0005,icons/permission/legacy-icons/OS-0005-saint-john-the-theologian-and-evangelist-s359.jpg,Permission:legacy-icons,,https://legacyicons.com/saint-john-the-theologian-and-evangelist-koufos-icon-s359/,shop,Available to order,Saint John the Theologian and Evangelist,,Koufos
OS-0090,icons/permission/legacy-icons/OS-0090-prophet-joshua-icon.jpg,Permission:legacy-icons,,https://legacyicons.com/prophet-joshua-athos-icon-s373/,shop,Available to order,Prophet Joshua (Athos),,Legacy Icons
OS-0043,icons/permission/legacy-icons/OS-0043-saint-seraphim-of-sarov-icon-s483.jpg,Permission:legacy-icons,,https://legacyicons.com/saint-seraphim-of-sarov-academic-icon-s483/,shop,Available to order,Saint Seraphim of Sarov (Academic),,Legacy Icons
OS-2201,icons/permission/legacy-icons/OS-2201-saint-matthew-the-evangelist-icon-s356.jpg,Permission:legacy-icons,,https://legacyicons.com/saint-matthew-the-evangelist-koufos-icon-s356/,shop,Available to order,Saint Matthew the Evangelist,,Koufos
OS-0044,icons/permission/legacy-icons/OS-0044-saint-herman-of-alaska-icon-s715.jpg,Permission:legacy-icons,,https://legacyicons.com/saint-herman-of-alaska-grygorenko-icon-s715/,shop,Available to order,Saint Herman of Alaska,,Grygorenko
OS-0031,icons/permission/legacy-icons/OS-0031-saint-ephraim-the-syrian.jpg,Permission:legacy-icons,,https://legacyicons.com/saint-ephraim-the-syrian-athos-s276/,shop,Available to order,Saint Ephraim the Syrian (Athos),,Legacy Icons
OS-2338,icons/permission/legacy-icons/OS-2338-saint-mardarije-of-libertyville-icon.jpg,Permission:legacy-icons,,https://legacyicons.com/saint-mardarije-of-libertyville-icon-s409/,shop,Available to order,Saint Mardarije of Libertyville,,Legacy Icons
OS-0476,icons/permission/legacy-icons/OS-0476-cyril-of-alexandria-icon.jpg,Permission:legacy-icons,,https://legacyicons.com/cyril-of-alexandria-athos-icon-s333/,shop,Available to order,Cyril of Alexandria (Athos),,Legacy Icons
OS-0043,icons/permission/legacy-icons/OS-0043-saint-seraphim-of-sarov-icon-s707.jpg,Permission:legacy-icons,,https://legacyicons.com/saint-seraphim-of-sarov-grygorenko-icon-s707/,shop,Available to order,Saint Seraphim of Sarov,,Grygorenko
OS-0053,icons/permission/legacy-icons/OS-0053-saint-tikhon-of-moscow-icon-s195.jpg,Permission:legacy-icons,,https://legacyicons.com/saint-tikhon-of-moscow-koufos-icon-s195/,shop,Available to order,Saint Tikhon of Moscow,,Koufos
OS-0077,icons/permission/legacy-icons/OS-0077-saint-euphrosynos-the-cook.jpg,Permission:legacy-icons,,https://legacyicons.com/saint-euphrosynos-the-cook-s702/,shop,Available to order,Saint Euphrosynos the Cook,,Legacy Icons
OS-0090,icons/permission/legacy-icons/OS-0090-prophet-joshua-icon-s372.jpg,Permission:legacy-icons,,https://legacyicons.com/prophet-joshua-xc-icon-s372/,shop,Available to order,Prophet Joshua,10th c.,Legacy Icons
OS-1812,icons/permission/legacy-icons/OS-1812-saint-aidan-of-lindisfarne-icon.jpg,Permission:legacy-icons,,https://legacyicons.com/saint-aidan-of-lindisfarne-whirledge-icon-s684/,shop,Available to order,Saint Aidan of Lindisfarne,,Whirledge
OS-0799,icons/permission/legacy-icons/OS-0799-40-martyrs-of-sebaste-icon.jpg,Permission:legacy-icons,,https://legacyicons.com/40-martyrs-of-sebaste-xixc-icon-s367/,shop,Available to order,40 Martyrs of Sebaste,19th c.,Legacy Icons
OS-1563,icons/permission/legacy-icons/OS-1563-prophet-and-high-priest-aaron-icon.jpg,Permission:legacy-icons,,https://legacyicons.com/prophet-and-high-priest-aaron-koufos-icon-s218/,shop,Available to order,Prophet and High Priest Aaron,,Koufos
OS-0486,icons/permission/legacy-icons/OS-0486-saint-mark-of-ephesus-icon.jpg,Permission:legacy-icons,,https://legacyicons.com/saint-mark-of-ephesus-whirledge-icon-s681/,shop,Available to order,Saint Mark of Ephesus,,Whirledge
OS-1982,icons/permission/legacy-icons/OS-1982-apostle-james-alphaeus-icon.jpg,Permission:legacy-icons,,https://legacyicons.com/apostle-james-alphaeus-clark-icon-s244/,shop,Available to order,Apostle James Alphaeus,,Clark
OS-2359,icons/permission/legacy-icons/OS-2359-righteous-ruth-icon.jpg,Permission:legacy-icons,,https://legacyicons.com/righteous-ruth-icon-s438/,shop,Available to order,Righteous Ruth,,Legacy Icons
OS-2584,icons/permission/legacy-icons/OS-2584-saint-joseph-the-hesychast.jpg,Permission:legacy-icons,,https://legacyicons.com/saint-joseph-the-hesychast-fiorenzo-s700/,shop,Available to order,Saint Joseph the Hesychast,,Fiorenzo
OS-0378,icons/permission/legacy-icons/OS-0378-saint-juliana-of-lazarevo-icon.jpg,Permission:legacy-icons,,https://legacyicons.com/saint-juliana-of-lazarevo-whirledge-icon-s672/,shop,Available to order,Saint Juliana of Lazarevo,,Whirledge
OS-2312,icons/permission/legacy-icons/OS-2312-ambrose-of-milan-icon.jpg,Permission:legacy-icons,,https://legacyicons.com/ambrose-of-milan-athos-icon-s317/,shop,Available to order,Ambrose of Milan (Athos),,Legacy Icons
OS-0007,icons/permission/legacy-icons/OS-0007-saint-mary-magdalene-icon-s714.jpg,Permission:legacy-icons,,https://legacyicons.com/saint-mary-magdalene-grygorenko-icon-s714/,shop,Available to order,Saint Mary Magdalene,,Grygorenko
OS-0030,icons/permission/legacy-icons/OS-0030-saint-moses-the-black-icon.jpg,Permission:legacy-icons,,https://legacyicons.com/saint-moses-the-black-whirledge-icon-s724/,shop,Available to order,Saint Moses the Black,,Whirledge
OS-1810,icons/permission/legacy-icons/OS-1810-saint-cyprian-of-carthage-icon.jpg,Permission:legacy-icons,,https://legacyicons.com/saint-cyprian-of-carthage-whirledge-icon-s687/,shop,Available to order,Saint Cyprian of Carthage,,Whirledge
OS-0148,icons/permission/legacy-icons/OS-0148-saint-phoebe-the-deaconess-icon.jpg,Permission:legacy-icons,,https://legacyicons.com/saint-phoebe-the-deaconess-icon-s466/,shop,Available to order,Saint Phoebe the Deaconess,,Legacy Icons
OS-0055,icons/permission/legacy-icons/OS-0055-saint-raphael-of-brooklyn-icon-s213.jpg,Permission:legacy-icons,,https://legacyicons.com/saint-raphael-of-brooklyn-clark-icon-s213/,shop,Available to order,Saint Raphael of Brooklyn,,Clark
OS-1191,icons/permission/legacy-icons/OS-1191-saint-brendan-the-navigator-icon.jpg,Permission:legacy-icons,,https://legacyicons.com/saint-brendan-the-navigator-grygorenko-icon-s712/,shop,Available to order,Saint Brendan The Navigator,,Grygorenko
OS-2180,icons/permission/legacy-icons/OS-2180-theodore-the-studite-icon.jpg,Permission:legacy-icons,,https://legacyicons.com/theodore-the-studite-athos-icon-s293/,shop,Available to order,Theodore the Studite (Athos),,Legacy Icons
OS-1508,icons/permission/legacy-icons/OS-1508-saint-joseph-of-damascus-icon.jpg,Permission:legacy-icons,,https://legacyicons.com/saint-joseph-of-damascus-koufos-icon-s173/,shop,Available to order,Saint Joseph of Damascus,,Koufos
OS-0055,icons/permission/legacy-icons/OS-0055-saint-raphael-of-brooklyn-icon-s190.jpg,Permission:legacy-icons,,https://legacyicons.com/saint-raphael-of-brooklyn-koufos-icon-s190/,shop,Available to order,Saint Raphael of Brooklyn,,Koufos
OS-0434,icons/permission/legacy-icons/OS-0434-saint-tatiana-of-rome-icon.jpg,Permission:legacy-icons,,https://legacyicons.com/saint-tatiana-of-rome-davidovskiy-icon-s562/,shop,Available to order,Saint Tatiana of Rome,,Davidovskiy
OS-1918,icons/permission/legacy-icons/OS-1918-prophet-baruch-icon.jpg,Permission:legacy-icons,,https://legacyicons.com/prophet-baruch-slivnichki-icon-s442/,shop,Available to order,Prophet Baruch (Slivnichki),,Legacy Icons
OS-0019,icons/permission/legacy-icons/OS-0019-saint-nicholas-of-myra-icon.jpg,Permission:legacy-icons,,https://legacyicons.com/saint-nicholas-of-myra-icon-s220/,shop,Available to order,Saint Nicholas of Myra,,Legacy Icons
OS-2393,icons/permission/legacy-icons/OS-2393-ignatius-of-antioch-icon.jpg,Permission:legacy-icons,,https://legacyicons.com/ignatius-of-antioch-xxic-icon-s335/,shop,Available to order,Ignatius of Antioch,21st c.,Legacy Icons
OS-0030,icons/permission/legacy-icons/OS-0030-saint-moses-the-ethiopian-icon.jpg,Permission:legacy-icons,,https://legacyicons.com/saint-moses-the-ethiopian-icon-s631/,shop,Available to order,Saint Moses the Ethiopian,,Legacy Icons
OS-0015,icons/permission/legacy-icons/OS-0015-saint-katherine-icon.jpg,Permission:legacy-icons,,https://legacyicons.com/saint-katherine-icon-s568/,shop,Available to order,Saint Katherine,,Legacy Icons
OS-2083,icons/permission/legacy-icons/OS-2083-saint-olga-of-alaska-icon.jpg,Permission:legacy-icons,,https://legacyicons.com/saint-olga-of-alaska-whirledge-icon-s607/,shop,Available to order,Saint Olga of Alaska,,Whirledge
OS-0009,icons/permission/legacy-icons/OS-0009-stephen-the-protomartyr-icon.jpg,Permission:legacy-icons,,https://legacyicons.com/stephen-the-protomartyr-xxic-icon-s336/,shop,Available to order,Stephen the Protomartyr,21st c.,Legacy Icons
OS-0033,icons/permission/legacy-icons/OS-0033-saint-john-climacus-and-the-ladder-icon.jpg,Permission:legacy-icons,,https://legacyicons.com/saint-john-climacus-and-the-ladder-icon-s165/,shop,Available to order,Saint John Climacus and the Ladder,,Legacy Icons
OS-0008,icons/permission/legacy-icons/OS-0008-saint-photine-the-samaritan-woman-icon.jpg,Permission:legacy-icons,,https://legacyicons.com/saint-photine-the-samaritan-woman-icon-s549/,shop,Available to order,Saint Photine the Samaritan Woman,,Legacy Icons
OS-0014,icons/permission/legacy-icons/OS-0014-saint-panteleimon-icon.jpg,Permission:legacy-icons,,https://legacyicons.com/saint-panteleimon-athos-icon-s342/,shop,Available to order,Saint Panteleimon (Athos),,Legacy Icons
OS-2750,icons/permission/legacy-icons/OS-2750-saint-anna-the-ancestor-of-god-icon.jpg,Permission:legacy-icons,,https://legacyicons.com/saint-anna-the-ancestor-of-god-fiorenzo-icon-s642/,shop,Available to order,Saint Anna the Ancestor of God,,Fiorenzo
OS-0014,icons/permission/legacy-icons/OS-0014-saint-panteleimon-icon-s258.jpg,Permission:legacy-icons,,https://legacyicons.com/saint-panteleimon-icon-s258/,shop,Available to order,Saint Panteleimon,,Legacy Icons
OS-1541,icons/permission/legacy-icons/OS-1541-saint-nicholas-ii-tsar-of-russia-icon.jpg,Permission:legacy-icons,,https://legacyicons.com/saint-nicholas-ii-tsar-of-russia-xxc-icon-s559/,shop,Available to order,"Saint Nicholas II, Tsar of Russia",20th c.,Legacy Icons
OS-0374,icons/permission/legacy-icons/OS-0374-saint-emilia-of-caesarea-icon.jpg,Permission:legacy-icons,,https://legacyicons.com/saint-emilia-of-caesarea-icon-s436/,shop,Available to order,Saint Emilia of Caesarea,,Legacy Icons
OS-1929,icons/permission/legacy-icons/OS-1929-saint-romanos-the-melodist-icon.jpg,Permission:legacy-icons,,https://legacyicons.com/saint-romanos-the-melodist-koufos-icon-s191/,shop,Available to order,Saint Romanos the Melodist,,Koufos
OS-0015,icons/permission/legacy-icons/OS-0015-saint-katherine-icon-s444.jpg,Permission:legacy-icons,,https://legacyicons.com/saint-katherine-sinai-icon-s444/,shop,Available to order,Saint Katherine (Sinai),,Legacy Icons
OS-1559,icons/permission/legacy-icons/OS-1559-saint-maria-of-paris-icon.jpg,Permission:legacy-icons,,https://legacyicons.com/saint-maria-of-paris-whirledge-icon-s675/,shop,Available to order,Saint Maria of Paris,,Whirledge
OS-0017,icons/permission/legacy-icons/OS-0017-saint-marina-of-antioch-icon.jpg,Permission:legacy-icons,,https://legacyicons.com/saint-marina-margaret-of-antioch-icon-s210/,shop,Available to order,Saint Marina (Margaret) of Antioch,,Legacy Icons
OS-0846,icons/permission/legacy-icons/OS-0846-nicholas-of-zhicha-icon.jpg,Permission:legacy-icons,,https://legacyicons.com/nicholas-of-zhicha-xxic-icon-s337/,shop,Available to order,Nicholas of Zhicha,21st c.,Legacy Icons
OS-1683,icons/permission/legacy-icons/OS-1683-saint-lawrence-of-rome-icon.jpg,Permission:legacy-icons,,https://legacyicons.com/saint-lawrence-of-rome-icon-s474/,shop,Available to order,Saint Lawrence of Rome,,Legacy Icons
OS-0015,icons/permission/legacy-icons/OS-0015-saint-katherine-of-alexandria-icon.jpg,Permission:legacy-icons,,https://legacyicons.com/saint-katherine-of-alexandria-whirledge-icon-s666/,shop,Available to order,Saint Katherine of Alexandria,,Whirledge
OS-1081,icons/permission/legacy-icons/OS-1081-apostle-james-zebedee-icon.jpg,Permission:legacy-icons,,https://legacyicons.com/apostle-james-zebedee-koufos-icon-s620/,shop,Available to order,Apostle James Zebedee,,Koufos
OS-1125,icons/permission/legacy-icons/OS-1125-saint-alexis-toth-icon.jpg,Permission:legacy-icons,,https://legacyicons.com/saint-alexis-toth-icon-s255/,shop,Available to order,Saint Alexis Toth,,Legacy Icons
OS-2231,icons/permission/legacy-icons/OS-2231-saint-cecilia-icon.jpg,Permission:legacy-icons,,https://legacyicons.com/saint-cecilia-icon-s266/,shop,Available to order,Saint Cecilia,,Legacy Icons
OS-2083,icons/permission/legacy-icons/OS-2083-saint-olga-of-alaska-icon-s713.jpg,Permission:legacy-icons,,https://legacyicons.com/saint-olga-of-alaska-grygorenko-icon-s713/,shop,Available to order,Saint Olga of Alaska,,Grygorenko
OS-2393,icons/permission/legacy-icons/OS-2393-ignatius-of-antioch-icon-s323.jpg,Permission:legacy-icons,,https://legacyicons.com/ignatius-of-antioch-athos-icon-s323/,shop,Available to order,Ignatius of Antioch (Athos),,Legacy Icons
OS-1541,icons/permission/legacy-icons/OS-1541-saint-nicholas-ii-tsar-of-russia-icon-s468.jpg,Permission:legacy-icons,,https://legacyicons.com/saint-nicholas-ii-tsar-of-russia-icon-s468/,shop,Available to order,"Saint Nicholas II, Tsar of Russia",,Legacy Icons
OS-0014,icons/permission/legacy-icons/OS-0014-saint-panteleimon-icon-s690.jpg,Permission:legacy-icons,,https://legacyicons.com/saint-panteleimon-whirledge-icon-s690/,shop,Available to order,Saint Panteleimon,,Whirledge
OS-0011,icons/permission/legacy-icons/OS-0011-saint-joachim-the-ancestor-of-god-icon.jpg,Permission:legacy-icons,,https://legacyicons.com/saint-joachim-the-ancestor-of-god-fiorenzo-icon-s641/,shop,Available to order,Saint Joachim the Ancestor of God,,Fiorenzo
OS-1125,icons/permission/legacy-icons/OS-1125-saint-alexis-toth-icon-s152.jpg,Permission:legacy-icons,,https://legacyicons.com/saint-alexis-toth-koufos-icon-s152/,shop,Available to order,Saint Alexis Toth,,Koufos
OS-0039,icons/permission/legacy-icons/OS-0039-saint-nino-of-georgia-icon.jpg,Permission:legacy-icons,,https://legacyicons.com/saint-nino-of-georgia-whirledge-icon-s667/,shop,Available to order,Saint Nino of Georgia,,Whirledge
OS-1330,icons/permission/legacy-icons/OS-1330-apostle-bartholomew-icon.jpg,Permission:legacy-icons,,https://legacyicons.com/apostle-bartholomew-koufos-icon-s626/,shop,Available to order,Apostle Bartholomew,,Koufos
OS-2251,icons/permission/legacy-icons/OS-2251-clement-of-rome-icon.jpg,Permission:legacy-icons,,https://legacyicons.com/clement-of-rome-athos-icon-s310/,shop,Available to order,Clement of Rome (Athos),,Legacy Icons
OS-0019,icons/permission/legacy-icons/OS-0019-nicholas-of-myra-icon.jpg,Permission:legacy-icons,,https://legacyicons.com/nicholas-of-myra-athos-icon-s328/,shop,Available to order,Nicholas of Myra (Athos),,Legacy Icons
OS-0009,icons/permission/legacy-icons/OS-0009-saint-stephen-the-protomartyr-icon.jpg,Permission:legacy-icons,,https://legacyicons.com/saint-stephen-the-protomartyr-icon-s273/,shop,Available to order,Saint Stephen the Protomartyr,,Legacy Icons
OS-1559,icons/permission/legacy-icons/OS-1559-saint-maria-of-paris-icon-s710.jpg,Permission:legacy-icons,,https://legacyicons.com/saint-maria-of-paris-grygorenko-icon-s710/,shop,Available to order,Saint Maria of Paris,,Grygorenko
OS-1929,icons/permission/legacy-icons/OS-1929-romanos-the-melodist-icon.jpg,Permission:legacy-icons,,https://legacyicons.com/romanos-the-melodist-athos-icon-s315/,shop,Available to order,Romanos the Melodist (Athos),,Legacy Icons
OS-0014,icons/permission/legacy-icons/OS-0014-saint-panteleimon-icon-s709.jpg,Permission:legacy-icons,,https://legacyicons.com/saint-panteleimon-grygorenko-icon-s709/,shop,Available to order,Saint Panteleimon,,Grygorenko
OS-0848,icons/permission/legacy-icons/OS-0848-saint-daria-icon.jpg,Permission:legacy-icons,,https://legacyicons.com/saint-daria-davidovskiy-icon-s538/,shop,Available to order,Saint Daria,,Davidovskiy
OS-0000,icons/permission/legacy-icons/OS-0000-christ-the-high-priest-icon.jpg,Permission:legacy-icons,,https://legacyicons.com/christ-the-high-priest-whirledge-icon-x171/,shop,Available to order,Christ the High Priest,,Whirledge
OS-0000,icons/permission/legacy-icons/OS-0000-christ-the-high-priest-and-king-icon.jpg,Permission:legacy-icons,,https://legacyicons.com/christ-the-high-priest-and-king-icon-x150/,shop,Available to order,Christ the High Priest and King,,Legacy Icons
OS-0086,icons/permission/legacy-icons/OS-0086-saint-sophia-and-her-daughters-faith-hop.jpg,Permission:legacy-icons,,https://legacyicons.com/saint-sophia-and-her-daughters-faith-hope-and-love-xixc-icon-s658/,shop,Available to order,"Saint Sophia and Her Daughters Faith, Hope and Love",19th c.,Legacy Icons
OS-1541,icons/permission/legacy-icons/OS-1541-saint-tatiana-the-princess-and-grand-duc.jpg,Permission:legacy-icons,,https://legacyicons.com/saint-tatiana-the-princess-and-grand-duchess-of-russia-whirledge-icon-s613/,shop,Available to order,Saint Tatiana the Princess and Grand Duchess of Russia,,Whirledge
OS-0043,icons/permission/legacy-icons/OS-0043-saint-seraphim-of-sarov-with-bear.jpg,Permission:legacy-icons,,https://legacyicons.com/saint-seraphim-of-sarov-with-bear-s215/,shop,Available to order,Saint Seraphim of Sarov with Bear,,Legacy Icons
OS-2120,icons/permission/legacy-icons/OS-2120-saint-john-kochurov-of-chicago-icon.jpg,Permission:legacy-icons,,https://legacyicons.com/saint-john-kochurov-of-chicago-chimev-icon-s580/,shop,Available to order,Saint John Kochurov of Chicago,,Chimev
OS-0002,icons/permission/legacy-icons/OS-0002-john-the-baptist-deesis.jpg,Permission:legacy-icons,,https://legacyicons.com/john-the-baptist-deesis-hagia-sophia-s529/,shop,Available to order,John the Baptist Deesis (Hagia Sophia),,Legacy Icons
OS-0046,icons/permission/legacy-icons/OS-0046-saint-nectarios-of-pentapolis-icon.jpg,Permission:legacy-icons,,https://legacyicons.com/saint-nectarios-of-pentapolis-stryzhak-icon-s461/,shop,Available to order,Saint Nectarios of Pentapolis,,Stryzhak
OS-1135,icons/permission/legacy-icons/OS-1135-saint-christopher-the-dog-head-icon.jpg,Permission:legacy-icons,,https://legacyicons.com/saint-christopher-the-dog-head-xiiic-icon-s464/,shop,Available to order,"Saint Christopher ""the Dog Head""",13th c.,Legacy Icons
OS-1191,icons/permission/legacy-icons/OS-1191-saint-brendan-the-voyager-icon.jpg,Permission:legacy-icons,,https://legacyicons.com/saint-brendan-the-voyager-icon-s414/,shop,Available to order,Saint Brendan the Voyager,,Legacy Icons
OS-0015,icons/permission/legacy-icons/OS-0015-saint-katherine-with-scenes-icon.jpg,Permission:legacy-icons,,https://legacyicons.com/saint-katherine-with-scenes-xviic-icon-s558/,shop,Available to order,Saint Katherine with Scenes,17th c.,Legacy Icons
OS-0000,icons/permission/legacy-icons/OS-0000-christ-the-true-vine-icon.jpg,Permission:legacy-icons,,https://legacyicons.com/christ-the-true-vine-icon-x174/,shop,Available to order,Christ the True Vine,,Legacy Icons
OS-0000,icons/permission/legacy-icons/OS-0000-christ-saving-peter-icon.jpg,Permission:legacy-icons,,https://legacyicons.com/christ-saving-peter-icon-f115/,shop,Available to order,Christ Saving Peter,,Legacy Icons
OS-0023,icons/permission/legacy-icons/OS-0023-saint-john-chrysostom-icon.jpg,Permission:legacy-icons,,https://legacyicons.com/saint-john-chrysostom-xvc-icon-s164/,shop,Available to order,Saint John Chrysostom,15th c.,Legacy Icons
OS-0047,icons/permission/legacy-icons/OS-0047-saint-xenia-of-saint-petersburg-icon.jpg,Permission:legacy-icons,,https://legacyicons.com/saint-xenia-of-saint-petersburg-icon-s271/,shop,Available to order,Saint Xenia of Saint Petersburg,,Legacy Icons
OS-0019,icons/permission/legacy-icons/OS-0019-saint-nicholas-icon.jpg,Permission:legacy-icons,,https://legacyicons.com/saint-nicholas-whirledge-icon-s595/,shop,Available to order,Saint Nicholas,,Whirledge
OS-0024,icons/permission/legacy-icons/OS-0024-saint-athanasius-the-great-of-alexandria.jpg,Permission:legacy-icons,,https://legacyicons.com/saint-athanasius-the-great-of-alexandria-icon-s219/,shop,Available to order,Saint Athanasius the Great of Alexandria,,Legacy Icons
OS-0021,icons/permission/legacy-icons/OS-0021-saint-basil-the-great-icon.jpg,Permission:legacy-icons,,https://legacyicons.com/saint-basil-the-great-stryzhak-icon-s453/,shop,Available to order,Saint Basil the Great,,Stryzhak
OS-2749,icons/permission/legacy-icons/OS-2749-apostle-paul-icon.jpg,Permission:legacy-icons,,https://legacyicons.com/apostle-paul-koufos-icon-s617/,shop,Available to order,Apostle Paul,,Koufos
OS-2751,icons/permission/legacy-icons/OS-2751-saint-helen-icon.jpg,Permission:legacy-icons,,https://legacyicons.com/saint-helen-stryzhak-icon-s459/,shop,Available to order,Saint Helen,,Stryzhak
OS-0026,icons/permission/legacy-icons/OS-0026-saint-anthony-the-great-icon.jpg,Permission:legacy-icons,,https://legacyicons.com/saint-anthony-the-great-koufos-icon-s154/,shop,Available to order,Saint Anthony the Great,,Koufos
OS-0004,icons/permission/legacy-icons/OS-0004-apostle-peter-icon.jpg,Permission:legacy-icons,,https://legacyicons.com/apostle-peter-koufos-icon-s622/,shop,Available to order,Apostle Peter,,Koufos
OS-2749,icons/permission/legacy-icons/OS-2749-apostle-paul-icon-s249.jpg,Permission:legacy-icons,,https://legacyicons.com/apostle-paul-clark-icon-s249/,shop,Available to order,Apostle Paul,,Clark
OS-0019,icons/permission/legacy-icons/OS-0019-saint-nicholas-icon-s179.jpg,Permission:legacy-icons,,https://legacyicons.com/saint-nicholas-koufos-icon-s179/,shop,Available to order,Saint Nicholas,,Koufos
OS-1061,icons/permission/legacy-icons/OS-1061-saint-mark-the-evangelist-icon.jpg,Permission:legacy-icons,,https://legacyicons.com/saint-mark-the-evangelist-xxic-icon-s507/,shop,Available to order,Saint Mark the Evangelist,21st c.,Legacy Icons
OS-0026,icons/permission/legacy-icons/OS-0026-saint-anthony-the-great-icon-s290.jpg,Permission:legacy-icons,,https://legacyicons.com/saint-anthony-the-great-athos-icon-s290/,shop,Available to order,Saint Anthony the Great (Athos),,Legacy Icons
OS-0037,icons/permission/legacy-icons/OS-0037-saint-constantine-icon.jpg,Permission:legacy-icons,,https://legacyicons.com/saint-constantine-stryzhak-icon-s458/,shop,Available to order,Saint Constantine,,Stryzhak
OS-2421,icons/permission/legacy-icons/OS-2421-prophet-david-icon.jpg,Permission:legacy-icons,,https://legacyicons.com/prophet-david-koufos-icon-s141/,shop,Available to order,Prophet David,,Koufos
OS-2749,icons/permission/legacy-icons/OS-2749-apostle-paul-icon-s653.jpg,Permission:legacy-icons,,https://legacyicons.com/apostle-paul-fiorenzo-icon-s653/,shop,Available to order,Apostle Paul,,Fiorenzo
OS-0010,icons/permission/legacy-icons/OS-0010-saint-thekla-icon.jpg,Permission:legacy-icons,,https://legacyicons.com/saint-thekla-clark-icon-s225/,shop,Available to order,Saint Thekla,,Clark
OS-0026,icons/permission/legacy-icons/OS-0026-saint-anthony-the-great-icon-s556.jpg,Permission:legacy-icons,,https://legacyicons.com/saint-anthony-the-great-xixc-icon-s556/,shop,Available to order,Saint Anthony the Great,19th c.,Legacy Icons
OS-0017,icons/permission/legacy-icons/OS-0017-saint-marina-icon.jpg,Permission:legacy-icons,,https://legacyicons.com/saint-marina-whirledge-icon-s603/,shop,Available to order,Saint Marina,,Whirledge
OS-0016,icons/permission/legacy-icons/OS-0016-saint-barbara-icon.jpg,Permission:legacy-icons,,https://legacyicons.com/saint-barbara-davidovskiy-icon-s491/,shop,Available to order,Saint Barbara,,Davidovskiy
OS-2300,icons/permission/legacy-icons/OS-2300-saint-john-of-damascus-icon.jpg,Permission:legacy-icons,,https://legacyicons.com/saint-john-of-damascus-icon-s473/,shop,Available to order,Saint John of Damascus,,Legacy Icons
OS-0023,icons/permission/legacy-icons/OS-0023-john-chrysostom-icon.jpg,Permission:legacy-icons,,https://legacyicons.com/john-chrysostom-athos-icon-s332/,shop,Available to order,John Chrysostom (Athos),,Legacy Icons
OS-0004,icons/permission/legacy-icons/OS-0004-apostle-peter-icon-s251.jpg,Permission:legacy-icons,,https://legacyicons.com/apostle-peter-clark-icon-s251/,shop,Available to order,Apostle Peter,,Clark
OS-2354,icons/permission/legacy-icons/OS-2354-righteous-noah-icon.jpg,Permission:legacy-icons,,https://legacyicons.com/righteous-noah-athos-icon-s405/,shop,Available to order,Righteous Noah (Athos),,Legacy Icons
OS-0020,icons/permission/legacy-icons/OS-0020-spyridon-the-wonderworker-icon.jpg,Permission:legacy-icons,,https://legacyicons.com/spyridon-the-wonderworker-athos-icon-s303/,shop,Available to order,Spyridon the Wonderworker (Athos),,Legacy Icons
OS-0020,icons/permission/legacy-icons/OS-0020-spyridon-the-wonderworker-icon-s482.jpg,Permission:legacy-icons,,https://legacyicons.com/spyridon-the-wonderworker-academic-icon-s482/,shop,Available to order,Spyridon the Wonderworker (Academic),,Legacy Icons
OS-0021,icons/permission/legacy-icons/OS-0021-basil-the-great-icon.jpg,Permission:legacy-icons,,https://legacyicons.com/basil-the-great-athos-icon-s331/,shop,Available to order,Basil the Great (Athos),,Legacy Icons
OS-0026,icons/permission/legacy-icons/OS-0026-saint-anthony-the-great-icon-s103.jpg,Permission:legacy-icons,,https://legacyicons.com/saint-anthony-the-great-icon-s103/,shop,Available to order,Saint Anthony the Great,,Legacy Icons
OS-1061,icons/permission/legacy-icons/OS-1061-saint-mark-the-evangelist-icon-s357.jpg,Permission:legacy-icons,,https://legacyicons.com/saint-mark-the-evangelist-koufos-icon-s357/,shop,Available to order,Saint Mark the Evangelist,,Koufos
OS-0019,icons/permission/legacy-icons/OS-0019-saint-nicholas-icon-s694.jpg,Permission:legacy-icons,,https://legacyicons.com/saint-nicholas-sinai-icon-s694/,shop,Available to order,Saint Nicholas (Sinai),,Legacy Icons
OS-1969,icons/permission/legacy-icons/OS-1969-apostle-thomas-icon.jpg,Permission:legacy-icons,,https://legacyicons.com/apostle-thomas-koufos-icon-s619/,shop,Available to order,Apostle Thomas,,Koufos
OS-2749,icons/permission/legacy-icons/OS-2749-apostle-paul-icon-s284.jpg,Permission:legacy-icons,,https://legacyicons.com/apostle-paul-athos-icon-s284/,shop,Available to order,Apostle Paul (Athos),,Legacy Icons
OS-2749,icons/permission/legacy-icons/OS-2749-apostle-paul-icon-s185.jpg,Permission:legacy-icons,,https://legacyicons.com/apostle-paul-sinai-icon-s185/,shop,Available to order,Apostle Paul (Sinai),,Legacy Icons
OS-0004,icons/permission/legacy-icons/OS-0004-apostle-peter-icon-s187.jpg,Permission:legacy-icons,,https://legacyicons.com/apostle-peter-sinai-icon-s187/,shop,Available to order,Apostle Peter (Sinai),,Legacy Icons
OS-0020,icons/permission/legacy-icons/OS-0020-saint-spyridon-icon.jpg,Permission:legacy-icons,,https://legacyicons.com/saint-spyridon-davidovskiy-icon-s650/,shop,Available to order,Saint Spyridon,,Davidovskiy
OS-0025,icons/permission/legacy-icons/OS-0025-gregory-palamas-icon.jpg,Permission:legacy-icons,,https://legacyicons.com/gregory-palamas-athos-icon-s302/,shop,Available to order,Gregory Palamas (Athos),,Legacy Icons
OS-1744,icons/permission/legacy-icons/OS-1744-prophet-samuel-icon.jpg,Permission:legacy-icons,,https://legacyicons.com/prophet-samuel-athos-icon-s286/,shop,Available to order,Prophet Samuel (Athos),,Legacy Icons
OS-1061,icons/permission/legacy-icons/OS-1061-apostle-mark-the-evangelist-icon.jpg,Permission:legacy-icons,,https://legacyicons.com/apostle-mark-the-evangelist-icon-s633/,shop,Available to order,Apostle Mark the Evangelist,,Legacy Icons
OS-2749,icons/permission/legacy-icons/OS-2749-apostle-paul-icon-s186.jpg,Permission:legacy-icons,,https://legacyicons.com/apostle-paul-rublev-icon-s186/,shop,Available to order,Apostle Paul (Rublev),,Legacy Icons
OS-0056,icons/permission/legacy-icons/OS-0056-prophet-elijah-icon.jpg,Permission:legacy-icons,,https://legacyicons.com/prophet-elijah-koufos-icon-s142/,shop,Available to order,Prophet Elijah,,Koufos
OS-1086,icons/permission/legacy-icons/OS-1086-prophet-jeremiah-icon.jpg,Permission:legacy-icons,,https://legacyicons.com/prophet-jeremiah-koufos-icon-s399/,shop,Available to order,Prophet Jeremiah,,Koufos
OS-0020,icons/permission/legacy-icons/OS-0020-spyridon-the-wonderworker-icon-s445.jpg,Permission:legacy-icons,,https://legacyicons.com/spyridon-the-wonderworker-poulakis-icon-s445/,shop,Available to order,Spyridon the Wonderworker,,Poulakis
OS-2300,icons/permission/legacy-icons/OS-2300-saint-john-of-damascus.jpg,Permission:legacy-icons,,https://legacyicons.com/saint-john-of-damascus-fiorenzo-s696/,shop,Available to order,Saint John Of Damascus,,Fiorenzo
OS-0016,icons/permission/legacy-icons/OS-0016-saint-barbara-icon-s156.jpg,Permission:legacy-icons,,https://legacyicons.com/saint-barbara-koufos-icon-s156/,shop,Available to order,Saint Barbara,,Koufos
OS-0019,icons/permission/legacy-icons/OS-0019-saint-nicholas-icon-s181.jpg,Permission:legacy-icons,,https://legacyicons.com/saint-nicholas-xvic-icon-s181/,shop,Available to order,Saint Nicholas,16th c.,Legacy Icons
OS-0503,icons/permission/legacy-icons/OS-0503-saint-maximus-the-confessor.jpg,Permission:legacy-icons,,https://legacyicons.com/saint-maximus-the-confessor-fiorenzo-s697/,shop,Available to order,Saint Maximus The Confessor,,Fiorenzo
OS-0023,icons/permission/legacy-icons/OS-0023-saint-john-chrysostom-icon-s386.jpg,Permission:legacy-icons,,https://legacyicons.com/saint-john-chrysostom-xivc-icon-s386/,shop,Available to order,Saint John Chrysostom,14th c.,Legacy Icons
OS-1969,icons/permission/legacy-icons/OS-1969-apostle-thomas-icon-s194.jpg,Permission:legacy-icons,,https://legacyicons.com/apostle-thomas-xvc-icon-s194/,shop,Available to order,Apostle Thomas,15th c.,Legacy Icons
OS-0021,icons/permission/legacy-icons/OS-0021-saint-basil-the-great-icon-s387.jpg,Permission:legacy-icons,,https://legacyicons.com/saint-basil-the-great-xivc-icon-s387/,shop,Available to order,Saint Basil the Great,14th c.,Legacy Icons
OS-0025,icons/permission/legacy-icons/OS-0025-saint-gregory-palamas.jpg,Permission:legacy-icons,,https://legacyicons.com/saint-gregory-palamas-fiorenzo-s695/,shop,Available to order,Saint Gregory Palamas,,Fiorenzo
OS-0032,icons/permission/legacy-icons/OS-0032-saint-isaac-the-syrian-icon.jpg,Permission:legacy-icons,,https://legacyicons.com/saint-isaac-the-syrian-illumination-icon-s407/,shop,Available to order,Saint Isaac the Syrian (Illumination),,Legacy Icons
OS-0022,icons/permission/legacy-icons/OS-0022-gregory-the-theologian-icon.jpg,Permission:legacy-icons,,https://legacyicons.com/gregory-the-theologian-athos-icon-s330/,shop,Available to order,Gregory the Theologian (Athos),,Legacy Icons
OS-2300,icons/permission/legacy-icons/OS-2300-saint-john-of-damascus-icon-s522.jpg,Permission:legacy-icons,,https://legacyicons.com/saint-john-of-damascus-athos-icon-s522/,shop,Available to order,Saint John of Damascus (Athos),,Legacy Icons
OS-0004,icons/permission/legacy-icons/OS-0004-apostle-peter-icon-s105.jpg,Permission:legacy-icons,,https://legacyicons.com/apostle-peter-icon-s105/,shop,Available to order,Apostle Peter,,Legacy Icons
OS-0016,icons/permission/legacy-icons/OS-0016-saint-barbara-icon-s247.jpg,Permission:legacy-icons,,https://legacyicons.com/saint-barbara-icon-s247/,shop,Available to order,Saint Barbara,,Legacy Icons
OS-2192,icons/permission/legacy-icons/OS-2192-saint-justinian-the-great-icon.jpg,Permission:legacy-icons,,https://legacyicons.com/saint-justinian-the-great-whirledge-icon-s662/,shop,Available to order,Saint Justinian the Great,,Whirledge
OS-0042,icons/permission/legacy-icons/OS-0042-saint-sergius-of-radonezh-icon.jpg,Permission:legacy-icons,,https://legacyicons.com/saint-sergius-of-radonezh-xxc-icon-s361/,shop,Available to order,Saint Sergius of Radonezh,20th c.,Legacy Icons
OS-0004,icons/permission/legacy-icons/OS-0004-apostle-peter-icon-s285.jpg,Permission:legacy-icons,,https://legacyicons.com/apostle-peter-athos-icon-s285/,shop,Available to order,Apostle Peter (Athos),,Legacy Icons
OS-0024,icons/permission/legacy-icons/OS-0024-athanasius-the-great-of-alexandria-icon.jpg,Permission:legacy-icons,,https://legacyicons.com/athanasius-the-great-of-alexandria-athos-icon-s329/,shop,Available to order,Athanasius the Great of Alexandria (Athos),,Legacy Icons
OS-1061,icons/permission/legacy-icons/OS-1061-apostle-mark-icon-s643.jpg,Permission:legacy-icons,,https://legacyicons.com/apostle-mark-illumination-icon-s643/,shop,Available to order,Apostle Mark (Illumination),,Legacy Icons
OS-0061,icons/permission/legacy-icons/OS-0061-saint-tryphon-the-great-martyr-icon.jpg,Permission:legacy-icons,,https://legacyicons.com/saint-tryphon-the-great-martyr-icon-s496/,shop,Available to order,Saint Tryphon the Great Martyr,,Legacy Icons
OS-2749,icons/permission/legacy-icons/OS-2749-saint-paul.jpg,Permission:legacy-icons,,https://legacyicons.com/saint-paul-s699/,shop,Available to order,Saint Paul,,Legacy Icons
OS-0020,icons/permission/legacy-icons/OS-0020-saint-spyridon-icon-s718.jpg,Permission:legacy-icons,,https://legacyicons.com/saint-spyridon-grygorenko-icon-s718/,shop,Available to order,Saint Spyridon,,Grygorenko
OS-0012,icons/permission/legacy-icons/OS-0012-saint-george-icon.jpg,Permission:legacy-icons,,https://legacyicons.com/saint-george-xxic-icon-s221/,shop,Available to order,Saint George,21st c.,Legacy Icons
OS-0002,icons/permission/legacy-icons/OS-0002-saint-john-the-baptist-icon.jpg,Permission:legacy-icons,,https://legacyicons.com/saint-john-the-baptist-clark-icon-s137/,shop,Available to order,Saint John the Baptist,,Clark
OS-0079,icons/permission/legacy-icons/OS-0079-saint-patrick-icon.jpg,Permission:legacy-icons,,https://legacyicons.com/saint-patrick-icon-s228/,shop,Available to order,Saint Patrick,,Legacy Icons
OS-0012,icons/permission/legacy-icons/OS-0012-saint-george-icon-s427.jpg,Permission:legacy-icons,,https://legacyicons.com/saint-george-icon-s427/,shop,Available to order,Saint George,,Legacy Icons
OS-0013,icons/permission/legacy-icons/OS-0013-saint-demetrios-icon.jpg,Permission:legacy-icons,,https://legacyicons.com/saint-demetrios-xxic-icon-s222/,shop,Available to order,Saint Demetrios,21st c.,Legacy Icons
OS-0012,icons/permission/legacy-icons/OS-0012-saint-george-icon-s206.jpg,Permission:legacy-icons,,https://legacyicons.com/saint-george-xxc-icon-s206/,shop,Available to order,Saint George,20th c.,Legacy Icons
OS-0079,icons/permission/legacy-icons/OS-0079-saint-patrick-icon-s609.jpg,Permission:legacy-icons,,https://legacyicons.com/saint-patrick-whirledge-icon-s609/,shop,Available to order,Saint Patrick,,Whirledge
OS-0002,icons/permission/legacy-icons/OS-0002-saint-john-the-baptist-icon-s557.jpg,Permission:legacy-icons,,https://legacyicons.com/saint-john-the-baptist-xviiic-icon-s557/,shop,Available to order,Saint John the Baptist,18th c.,Legacy Icons
OS-0002,icons/permission/legacy-icons/OS-0002-saint-john-the-baptist-icon-s168.jpg,Permission:legacy-icons,,https://legacyicons.com/saint-john-the-baptist-rublev-icon-s168/,shop,Available to order,Saint John the Baptist (Rublev),,Legacy Icons
OS-0002,icons/permission/legacy-icons/OS-0002-saint-john-the-baptist-icon-s376.jpg,Permission:legacy-icons,,https://legacyicons.com/saint-john-the-baptist-xxc-icon-s376/,shop,Available to order,Saint John the Baptist,20th c.,Legacy Icons
OS-0056,icons/permission/legacy-icons/OS-0056-prophet-elias-icon.jpg,Permission:legacy-icons,,https://legacyicons.com/prophet-elias-icon-s433/,shop,Available to order,Prophet Elias,,Legacy Icons
OS-0003,icons/permission/legacy-icons/OS-0003-apostle-andrew-icon.jpg,Permission:legacy-icons,,https://legacyicons.com/apostle-andrew-clark-icon-s236/,shop,Available to order,Apostle Andrew,,Clark
OS-0003,icons/permission/legacy-icons/OS-0003-apostle-andrew-icon-s553.jpg,Permission:legacy-icons,,https://legacyicons.com/apostle-andrew-xxc-icon-s553/,shop,Available to order,Apostle Andrew,20th c.,Legacy Icons
OS-0002,icons/permission/legacy-icons/OS-0002-saint-john-the-baptist-icon-s654.jpg,Permission:legacy-icons,,https://legacyicons.com/saint-john-the-baptist-koufos-icon-s654/,shop,Available to order,Saint John the Baptist,,Koufos
OS-0036,icons/permission/legacy-icons/OS-0036-saints-cosmas-and-damian-icon.jpg,Permission:legacy-icons,,https://legacyicons.com/saints-cosmas-and-damian-xviic-icon-s198/,shop,Available to order,Saints Cosmas and Damian,17th c.,Legacy Icons
OS-0013,icons/permission/legacy-icons/OS-0013-saint-demetrios-icon-s349.jpg,Permission:legacy-icons,,https://legacyicons.com/saint-demetrios-athos-icon-s349/,shop,Available to order,Saint Demetrios (Athos),,Legacy Icons
OS-0006,icons/permission/legacy-icons/OS-0006-apostle-luke-icon.jpg,Permission:legacy-icons,,https://legacyicons.com/apostle-luke-koufos-icon-s615/,shop,Available to order,Apostle Luke,,Koufos
OS-0005,icons/permission/legacy-icons/OS-0005-saint-john-the-theologian-icon.jpg,Permission:legacy-icons,,https://legacyicons.com/saint-john-the-theologian-xxic-icon-s363/,shop,Available to order,Saint John the Theologian,21st c.,Legacy Icons
OS-0003,icons/permission/legacy-icons/OS-0003-apostle-andrew-icon-s625.jpg,Permission:legacy-icons,,https://legacyicons.com/apostle-andrew-koufos-icon-s625/,shop,Available to order,Apostle Andrew,,Koufos
OS-0012,icons/permission/legacy-icons/OS-0012-saint-george-icon-s160.jpg,Permission:legacy-icons,,https://legacyicons.com/saint-george-novgorod-icon-s160/,shop,Available to order,Saint George (Novgorod),,Legacy Icons
OS-0005,icons/permission/legacy-icons/OS-0005-apostle-john-icon.jpg,Permission:legacy-icons,,https://legacyicons.com/apostle-john-koufos-icon-s616/,shop,Available to order,Apostle John,,Koufos
OS-0005,icons/permission/legacy-icons/OS-0005-apostle-john-the-theologian-icon.jpg,Permission:legacy-icons,,https://legacyicons.com/apostle-john-the-theologian-icon-s635/,shop,Available to order,Apostle John the Theologian,,Legacy Icons
OS-0005,icons/permission/legacy-icons/OS-0005-saint-john-the-evangelist-icon.jpg,Permission:legacy-icons,,https://legacyicons.com/saint-john-the-evangelist-fiorenzo-icon-s691/,shop,Available to order,Saint John the Evangelist,,Fiorenzo
OS-1384,icons/permission/legacy-icons/OS-1384-apostle-jude-icon.jpg,Permission:legacy-icons,,https://legacyicons.com/apostle-jude-clark-icon-s227/,shop,Available to order,Apostle Jude,,Clark
OS-2342,icons/permission/legacy-icons/OS-2342-virgin-martyr-lucy-icon.jpg,Permission:legacy-icons,,https://legacyicons.com/virgin-martyr-lucy-xvc-icon-s224/,shop,Available to order,Virgin Martyr Lucy,15th c.,Legacy Icons
OS-1384,icons/permission/legacy-icons/OS-1384-apostle-jude-icon-s627.jpg,Permission:legacy-icons,,https://legacyicons.com/apostle-jude-koufos-icon-s627/,shop,Available to order,Apostle Jude,,Koufos
OS-2201,icons/permission/legacy-icons/OS-2201-apostle-matthew-icon-s243.jpg,Permission:legacy-icons,,https://legacyicons.com/apostle-matthew-clark-icon-s243/,shop,Available to order,Apostle Matthew,,Clark
OS-0060,icons/permission/legacy-icons/OS-0060-saint-paraskevi-icon.jpg,Permission:legacy-icons,,https://legacyicons.com/saint-paraskevi-icon-s232/,shop,Available to order,Saint Paraskevi,,Legacy Icons
OS-0056,icons/permission/legacy-icons/OS-0056-prophet-elias-icon-s656.jpg,Permission:legacy-icons,,https://legacyicons.com/prophet-elias-koufos-icon-s656/,shop,Available to order,Prophet Elias,,Koufos
OS-1120,icons/permission/legacy-icons/OS-1120-righteous-job-icon.jpg,Permission:legacy-icons,,https://legacyicons.com/righteous-job-xviic-icon-s448/,shop,Available to order,Righteous Job,17th c.,Legacy Icons
OS-0002,icons/permission/legacy-icons/OS-0002-saint-john-the-baptist-icon-s368.jpg,Permission:legacy-icons,,https://legacyicons.com/saint-john-the-baptist-xixc-icon-s368/,shop,Available to order,Saint John the Baptist,19th c.,Legacy Icons
OS-0000,icons/permission/legacy-icons/OS-0000-christ-the-healer-icon.jpg,Permission:legacy-icons,,https://legacyicons.com/christ-the-healer-whirledge-icon-x190/,shop,Available to order,Christ The Healer,,Whirledge
OS-0012,icons/permission/legacy-icons/OS-0012-saint-george-icon-s204.jpg,Permission:legacy-icons,,https://legacyicons.com/saint-george-clark-icon-s204/,shop,Available to order,Saint George,,Clark
OS-0005,icons/permission/legacy-icons/OS-0005-apostle-john-icon-s242.jpg,Permission:legacy-icons,,https://legacyicons.com/apostle-john-clark-icon-s242/,shop,Available to order,Apostle John,,Clark
OS-2190,icons/permission/legacy-icons/OS-2190-apostle-philip-icon.jpg,Permission:legacy-icons,,https://legacyicons.com/apostle-philip-koufos-icon-s621/,shop,Available to order,Apostle Philip,,Koufos
OS-0012,icons/permission/legacy-icons/OS-0012-saint-george-icon-s655.jpg,Permission:legacy-icons,,https://legacyicons.com/saint-george-koufos-icon-s655/,shop,Available to order,Saint George,,Koufos
OS-0021,icons/permission/legacy-icons/OS-0021-saint-basil-the-great-of-caesarea-icon.jpg,Permission:legacy-icons,,https://legacyicons.com/saint-basil-the-great-of-caesarea-whirledge-icon-s686/,shop,Available to order,Saint Basil the Great of Caesarea,,Whirledge
OS-1984,icons/permission/legacy-icons/OS-1984-patriarch-abraham-icon.jpg,Permission:legacy-icons,,https://legacyicons.com/patriarch-abraham-athos-icon-s404/,shop,Available to order,Patriarch Abraham (Athos),,Legacy Icons
OS-0006,icons/permission/legacy-icons/OS-0006-apostle-luke-icon-s644.jpg,Permission:legacy-icons,,https://legacyicons.com/apostle-luke-illumination-icon-s644/,shop,Available to order,Apostle Luke (Illumination),,Legacy Icons
OS-0002,icons/permission/legacy-icons/OS-0002-saint-john-the-baptist-icon-s167.jpg,Permission:legacy-icons,,https://legacyicons.com/saint-john-the-baptist-xiiic-icon-s167/,shop,Available to order,Saint John the Baptist,13th c.,Legacy Icons
OS-2201,icons/permission/legacy-icons/OS-2201-apostle-matthew-icon-s177.jpg,Permission:legacy-icons,,https://legacyicons.com/apostle-matthew-illumination-icon-s177/,shop,Available to order,Apostle Matthew (Illumination),,Legacy Icons
OS-0012,icons/permission/legacy-icons/OS-0012-saint-george-icon-s540.jpg,Permission:legacy-icons,,https://legacyicons.com/saint-george-ethiopian-icon-s540/,shop,Available to order,Saint George (Ethiopian),,Legacy Icons
OS-0005,icons/permission/legacy-icons/OS-0005-apostle-john-the-theologian-icon-s169.jpg,Permission:legacy-icons,,https://legacyicons.com/apostle-john-the-theologian-xvc-icon-s169/,shop,Available to order,Apostle John the Theologian,15th c.,Legacy Icons
OS-0012,icons/permission/legacy-icons/OS-0012-saint-george-icon-s350.jpg,Permission:legacy-icons,,https://legacyicons.com/saint-george-athos-icon-s350/,shop,Available to order,Saint George (Athos),,Legacy Icons
OS-0084,icons/permission/legacy-icons/OS-0084-saint-gregory-of-rome-icon.jpg,Permission:legacy-icons,,https://legacyicons.com/saint-gregory-of-rome-whirledge-icon-s685/,shop,Available to order,Saint Gregory of Rome,,Whirledge
OS-1387,icons/permission/legacy-icons/OS-1387-saint-paisios-the-great-icon.jpg,Permission:legacy-icons,,https://legacyicons.com/saint-paisios-the-great-athos-icon-s278/,shop,Available to order,Saint Paisios the Great (Athos),,Legacy Icons
OS-0005,icons/permission/legacy-icons/OS-0005-apostle-john-the-theologian-icon-s170.jpg,Permission:legacy-icons,,https://legacyicons.com/apostle-john-the-theologian-xivc-icon-s170/,shop,Available to order,Apostle John the Theologian,14th c.,Legacy Icons
OS-1365,icons/permission/legacy-icons/OS-1365-saint-augustine-icon.jpg,Permission:legacy-icons,,https://legacyicons.com/saint-augustine-whirledge-icon-s711/,shop,Available to order,Saint Augustine,,Whirledge
OS-1137,icons/permission/legacy-icons/OS-1137-apostle-simon-icon.jpg,Permission:legacy-icons,,https://legacyicons.com/apostle-simon-clark-icon-s245/,shop,Available to order,Apostle Simon,,Clark
OS-0003,icons/permission/legacy-icons/OS-0003-apostle-andrew-icon-s153.jpg,Permission:legacy-icons,,https://legacyicons.com/apostle-andrew-xixc-icon-s153/,shop,Available to order,Apostle Andrew,19th c.,Legacy Icons
OS-0005,icons/permission/legacy-icons/OS-0005-apostle-john-icon-s645.jpg,Permission:legacy-icons,,https://legacyicons.com/apostle-john-illumination-icon-s645/,shop,Available to order,Apostle John (Illumination),,Legacy Icons
OS-2263,icons/permission/legacy-icons/OS-2263-saint-stephen-the-new-of-auxentius-icon.jpg,Permission:legacy-icons,,https://legacyicons.com/saint-stephen-the-new-of-auxentius-athos-icon-s292/,shop,Available to order,Saint Stephen the New of Auxentius (Athos),,Legacy Icons
OS-0987,icons/permission/legacy-icons/OS-0987-saint-athanasia-icon.jpg,Permission:legacy-icons,,https://legacyicons.com/saint-athanasia-whirledge-icon-s599/,shop,Available to order,Saint Athanasia,,Whirledge
OS-0056,icons/permission/legacy-icons/OS-0056-prophet-elias-icon-s721.jpg,Permission:legacy-icons,,https://legacyicons.com/prophet-elias-whirledge-icon-s721/,shop,Available to order,Prophet Elias,,Whirledge
OS-0012,icons/permission/legacy-icons/OS-0012-saint-george-icon-s481.jpg,Permission:legacy-icons,,https://legacyicons.com/saint-george-academic-icon-s481/,shop,Available to order,Saint George (Academic),,Legacy Icons
OS-0012,icons/permission/legacy-icons/OS-0012-saint-george-icon-s162.jpg,Permission:legacy-icons,,https://legacyicons.com/saint-george-xvic-icon-s162/,shop,Available to order,Saint George,16th c.,Legacy Icons
OS-0012,icons/permission/legacy-icons/OS-0012-saint-george-icon-s716.jpg,Permission:legacy-icons,,https://legacyicons.com/saint-george-grygorenko-icon-s716/,shop,Available to order,Saint George,,Grygorenko
OS-0012,icons/permission/legacy-icons/OS-0012-saint-george-icon-s366.jpg,Permission:legacy-icons,,https://legacyicons.com/saint-george-mosaic-icon-s366/,shop,Available to order,Saint George (Mosaic),,Legacy Icons
OS-0004,icons/permission/legacy-icons/OS-0004-saints-peter-and-andrew-icon.jpg,Permission:legacy-icons,,https://legacyicons.com/saints-peter-and-andrew-grygorenko-icon-s717/,shop,Available to order,Saints Peter and Andrew,,Grygorenko
OS-2342,icons/permission/legacy-icons/OS-2342-saint-lucy-icon.jpg,Permission:legacy-icons,,https://legacyicons.com/saint-lucy-whirledge-icon-s722/,shop,Available to order,Saint Lucy,,Whirledge
OS-2190,icons/permission/legacy-icons/OS-2190-apostle-philip-icon-s106.jpg,Permission:legacy-icons,,https://legacyicons.com/apostle-philip-xviic-icon-s106/,shop,Available to order,Apostle Philip,17th c.,Legacy Icons
OS-0000,icons/permission/legacy-icons/OS-0000-christ-emmanuel-icon.jpg,Permission:legacy-icons,,https://legacyicons.com/christ-emmanuel-icon-x102/,shop,Available to order,"Christ ""Emmanuel""",,Legacy Icons
OS-0000,icons/permission/legacy-icons/OS-0000-christ-of-smolensk-icon.jpg,Permission:legacy-icons,,https://legacyicons.com/christ-of-smolensk-xvic-icon-x162/,shop,Available to order,Christ of Smolensk,16th c.,Legacy Icons
OS-1468,icons/permission/legacy-icons/OS-1468-andrew-of-crete-the-hymnographer-icon.jpg,Permission:legacy-icons,,https://legacyicons.com/andrew-of-crete-the-hymnographer-athos-icon-s334/,shop,Available to order,"Andrew of Crete, the Hymnographer (Athos)",,Legacy Icons
OS-0027,icons/permission/legacy-icons/OS-0027-saint-mary-of-egypt-and-abba-zosimas-ico.jpg,Permission:legacy-icons,,https://legacyicons.com/saint-mary-of-egypt-and-abba-zosimas-sinai-icon-s505/,shop,Available to order,Saint Mary of Egypt and Abba Zosimas (Sinai),,Legacy Icons
OS-2393,icons/permission/legacy-icons/OS-2393-saint-ignatius-of-antioch-with-lions-ico.jpg,Permission:legacy-icons,,https://legacyicons.com/saint-ignatius-of-antioch-with-lions-icon-s136/,shop,Available to order,Saint Ignatius of Antioch with Lions,,Legacy Icons
OS-0002,icons/permission/legacy-icons/OS-0002-life-of-saint-john-the-baptist-icon.jpg,Permission:legacy-icons,,https://legacyicons.com/life-of-saint-john-the-baptist-sinai-icon-s503/,shop,Available to order,Life of Saint John the Baptist (Sinai),,Legacy Icons
OS-1729,icons/permission/legacy-icons/OS-1729-apostle-john-the-theologian-in-silence-i.jpg,Permission:legacy-icons,,https://legacyicons.com/apostle-john-the-theologian-in-silence-icon-s171/,shop,Available to order,Apostle John the Theologian in Silence,,Legacy Icons
OS-0002,icons/permission/legacy-icons/OS-0002-saint-john-the-baptist-with-scenes-icon.jpg,Permission:legacy-icons,,https://legacyicons.com/saint-john-the-baptist-with-scenes-xixc-icon-s369/,shop,Available to order,Saint John the Baptist with Scenes,19th c.,Legacy Icons
OS-0002,icons/permission/legacy-icons/OS-0002-precious-head-of-john-the-baptist-icon.jpg,Permission:legacy-icons,,https://legacyicons.com/precious-head-of-john-the-baptist-icon-s133/,shop,Available to order,Precious Head of John the Baptist,,Legacy Icons
OS-1729,icons/permission/legacy-icons/OS-1729-saints-blasius-florus-and-laurus-icon.jpg,Permission:legacy-icons,,https://legacyicons.com/saints-blasius-florus-and-laurus-xviiic-icon-s157/,shop,Available to order,"Saints Blasius, Florus and Laurus",18th c.,Legacy Icons
OS-0001,icons/permission/legacy-icons/OS-0001-protectress-of-the-roman-people-icon-fro.jpg,Permission:legacy-icons,,https://legacyicons.com/protectress-of-the-roman-people-icon-from-the-papal-basilica-of-saint-mary-major-rome-t160/,shop,Available to order,Protectress of the Roman People Icon from the Papal Basilica of Saint Mary Major Rome,,Legacy Icons
OS-0037,icons/permission/legacy-icons/OS-0037-saints-constantine-and-helen-icon.jpg,Permission:legacy-icons,,https://legacyicons.com/saints-constantine-and-helen-xxic-icon-s197/,shop,Available to order,Saints Constantine and Helen,21st c.,Legacy Icons
OS-0019,icons/permission/legacy-icons/OS-0019-saint-nicholas-with-scenes-icon.jpg,Permission:legacy-icons,,https://legacyicons.com/saint-nicholas-with-scenes-icon-s594/,shop,Available to order,Saint Nicholas With Scenes,,Legacy Icons
OS-0011,icons/permission/legacy-icons/OS-0011-joachim-and-anna-icon.jpg,Permission:legacy-icons,,https://legacyicons.com/joachim-and-anna-icon-s260/,shop,Available to order,Joachim and Anna,,Legacy Icons
OS-1885,icons/permission/legacy-icons/OS-1885-prophet-jonah-and-the-whale-icon.jpg,Permission:legacy-icons,,https://legacyicons.com/prophet-jonah-and-the-whale-xxic-icon-s362/,shop,Available to order,Prophet Jonah and the Whale,21st c.,Legacy Icons
OS-0011,icons/permission/legacy-icons/OS-0011-joachim-and-anna-icon-s550.jpg,Permission:legacy-icons,,https://legacyicons.com/joachim-and-anna-academic-icon-s550/,shop,Available to order,Joachim and Anna (Academic),,Legacy Icons
OS-1885,icons/permission/legacy-icons/OS-1885-prophet-jonah-and-the-whale-icon-s261.jpg,Permission:legacy-icons,,https://legacyicons.com/prophet-jonah-and-the-whale-athos-icon-s261/,shop,Available to order,Prophet Jonah and the Whale (Athos),,Legacy Icons
OS-0037,icons/permission/legacy-icons/OS-0037-saints-constantine-and-helen-icon-s196.jpg,Permission:legacy-icons,,https://legacyicons.com/saints-constantine-and-helen-xviic-icon-s196/,shop,Available to order,Saints Constantine and Helen,17th c.,Legacy Icons
OS-1335,icons/permission/legacy-icons/OS-1335-saint-onuphrius-of-egypt-icon.jpg,Permission:legacy-icons,,https://legacyicons.com/saint-onuphrius-of-egypt-xviic-icon-s451/,shop,Available to order,Saint Onuphrius of Egypt,17th c.,Legacy Icons
OS-0019,icons/permission/legacy-icons/OS-0019-saint-nicholas-with-scenes-icon-s539.jpg,Permission:legacy-icons,,https://legacyicons.com/saint-nicholas-with-scenes-icon-s539/,shop,Available to order,Saint Nicholas with Scenes,,Legacy Icons
OS-0010,icons/permission/legacy-icons/OS-0010-saint-thekla-of-iconium-icon.jpg,Permission:legacy-icons,,https://legacyicons.com/saint-thekla-of-iconium-whirledge-icon-s665/,shop,Available to order,Saint Thekla of Iconium,,Whirledge
OS-0056,icons/permission/legacy-icons/OS-0056-prophet-elijah-with-scenes-icon.jpg,Permission:legacy-icons,,https://legacyicons.com/prophet-elijah-with-scenes-xiiic-icon-s144/,shop,Available to order,Prophet Elijah With Scenes,13th c.,Legacy Icons
OS-0019,icons/permission/legacy-icons/OS-0019-face-of-saint-nicholas-icon.jpg,Permission:legacy-icons,,https://legacyicons.com/face-of-saint-nicholas-xxic-icon-s479/,shop,Available to order,Face of Saint Nicholas,21st c.,Legacy Icons
OS-1885,icons/permission/legacy-icons/OS-1885-prophet-jonah-with-scenes-icon.jpg,Permission:legacy-icons,,https://legacyicons.com/prophet-jonah-with-scenes-icon-s380/,shop,Available to order,Prophet Jonah with Scenes,,Legacy Icons
OS-0034,icons/permission/legacy-icons/OS-0034-simeon-the-stylite-icon.jpg,Permission:legacy-icons,,https://legacyicons.com/simeon-the-stylite-icon-s259/,shop,Available to order,Simeon the Stylite,,Legacy Icons
OS-0019,icons/permission/legacy-icons/OS-0019-saint-nicholas-with-scenes-icon-s138.jpg,Permission:legacy-icons,,https://legacyicons.com/saint-nicholas-with-scenes-xviic-icon-s138/,shop,Available to order,Saint Nicholas With Scenes,17th c.,Legacy Icons
OS-2083,icons/permission/legacy-icons/OS-2083-saint-olga-of-alaska-northern-light-of-t.jpg,Permission:legacy-icons,,https://legacyicons.com/saint-olga-of-alaska-northern-light-of-the-church-whirledge-icon-s608/,shop,Available to order,"Saint Olga of Alaska ""Northern Light of the Church""",,Whirledge
OS-0051,icons/permission/legacy-icons/OS-0051-saint-paisios-of-athos-icon.jpg,Permission:legacy-icons,,https://legacyicons.com/saint-paisios-of-athos-icon-s184/,shop,Available to order,Saint Paisios of Athos,,Legacy Icons
OS-0051,icons/permission/legacy-icons/OS-0051-saint-paisios-of-athos-icon-s640.jpg,Permission:legacy-icons,,https://legacyicons.com/saint-paisios-of-athos-fiorenzo-icon-s640/,shop,Available to order,Saint Paisios of Athos,,Fiorenzo
OS-0018,icons/permission/legacy-icons/OS-0018-saint-theodore-the-soldier-icon.jpg,Permission:legacy-icons,,https://legacyicons.com/saint-theodore-the-soldier-icon-s193/,shop,Available to order,Saint Theodore the Soldier,,Legacy Icons
OS-0006,icons/permission/legacy-icons/OS-0006-apostle-luke-the-iconographer-icon.jpg,Permission:legacy-icons,,https://legacyicons.com/apostle-luke-the-iconographer-icon-s174/,shop,Available to order,Apostle Luke the Iconographer,,Legacy Icons
OS-0053,icons/permission/legacy-icons/OS-0053-saints-tikhon-and-raphael-icon.jpg,Permission:legacy-icons,,https://legacyicons.com/saints-tikhon-and-raphael/,shop,Available to order,Saints Tikhon and Raphael,,Legacy Icons
OS-0020,icons/permission/legacy-icons/OS-0020-saints-nicholas-and-spyridon-the-wonderw.jpg,Permission:legacy-icons,,https://legacyicons.com/saints-nicholas-and-spyridon-the-wonderworkers-protectors-of-those-at-sea-icon-s525/,shop,Available to order,"Saints Nicholas and Spyridon the Wonderworkers, Protectors of Those at Sea",,Legacy Icons
OS-0005,icons/permission/legacy-icons/OS-0005-apostle-john-the-theologian-on-patmos-ic.jpg,Permission:legacy-icons,,https://legacyicons.com/apostle-john-the-theologian-on-patmos-icon-s417/,shop,Available to order,Apostle John the Theologian on Patmos,,Legacy Icons
OS-0080,icons/permission/legacy-icons/OS-0080-saint-brigit-of-ireland-icon.jpg,Permission:legacy-icons,,https://legacyicons.com/saint-brigit-of-ireland-icon-s267/,shop,Available to order,Saint Brigit of Ireland,,Legacy Icons
OS-1895,icons/permission/legacy-icons/OS-1895-saint-juvenaly-of-alaska-icon.jpg,Permission:legacy-icons,,https://legacyicons.com/saint-juvenaly-of-alaska-icon-s338/,shop,Available to order,Saint Juvenaly of Alaska,,Legacy Icons
OS-2277,icons/permission/legacy-icons/OS-2277-saint-sebastian-of-san-francisco-and-jac.jpg,Permission:legacy-icons,,https://legacyicons.com/saint-sebastian-of-san-francisco-and-jackson-icon-s412/,shop,Available to order,Saint Sebastian of San Francisco and Jackson,,Legacy Icons
OS-0057,icons/permission/legacy-icons/OS-0057-prophet-moses-and-the-burning-bush-icon.jpg,Permission:legacy-icons,,https://legacyicons.com/prophet-moses-and-the-burning-bush-sinai-icon-s379/,shop,Available to order,Prophet Moses and the Burning Bush (Sinai),,Legacy Icons
OS-0012,icons/permission/legacy-icons/OS-0012-saint-george-with-scenes-icon.jpg,Permission:legacy-icons,,https://legacyicons.com/saint-george-with-scenes-novgorod-icon-s542/,shop,Available to order,Saint George with Scenes (Novgorod),,Legacy Icons
OS-0056,icons/permission/legacy-icons/OS-0056-prophet-elias-and-enoch-icon.jpg,Permission:legacy-icons,,https://legacyicons.com/prophet-elias-and-enoch-icon-s531/,shop,Available to order,Prophet Elias and Enoch,,Legacy Icons
OS-1120,icons/permission/legacy-icons/OS-1120-righteous-job-with-scenes-icon.jpg,Permission:legacy-icons,,https://legacyicons.com/righteous-job-with-scenes-icon-s151/,shop,Available to order,Righteous Job With Scenes,,Legacy Icons
OS-1942,icons/permission/legacy-icons/OS-1942-saint-dionysius-the-aeropagite-icon.jpg,Permission:legacy-icons,,https://legacyicons.com/saint-dionysius-the-aeropagite-whirledge-icon-s646/,shop,Available to order,Saint Dionysius the Aeropagite,,Whirledge
OS-0268,icons/permission/legacy-icons/OS-0268-saint-cassiani-the-hymnographer-icon.jpg,Permission:legacy-icons,,https://legacyicons.com/saint-cassiani-the-hymnographer-chimev-icon-s659/,shop,Available to order,Saint Cassiani the Hymnographer,,Chimev
OS-0073,icons/permission/legacy-icons/OS-0073-saint-dionysius-of-zakynthos-icon.jpg,Permission:legacy-icons,,https://legacyicons.com/saint-dionysius-of-zakynthos-icon-s383/,shop,Available to order,Saint Dionysius of Zakynthos,,Legacy Icons
OS-0012,icons/permission/legacy-icons/OS-0012-saint-george-with-scenes-icon-s551.jpg,Permission:legacy-icons,,https://legacyicons.com/saint-george-with-scenes-xixc-icon-s551/,shop,Available to order,Saint George with Scenes,19th c.,Legacy Icons
OS-2277,icons/permission/legacy-icons/OS-2277-saint-sebastian-of-seattle-and-san-franc.jpg,Permission:legacy-icons,,https://legacyicons.com/saint-sebastian-of-seattle-and-san-francisco-whirledge-icon-s677/,shop,Available to order,Saint Sebastian of Seattle and San Francisco,,Whirledge
OS-0000,icons/permission/legacy-icons/OS-0000-christ-the-unsleeping-eye-icon.jpg,Permission:legacy-icons,,https://legacyicons.com/christ-the-unsleeping-eye-xvic-icon-x160/,shop,Available to order,"Christ ""the Unsleeping Eye""",16th c.,Legacy Icons
OS-0000,icons/permission/legacy-icons/OS-0000-christ-the-unsleeping-eye-icon-x159.jpg,Permission:legacy-icons,,https://legacyicons.com/christ-the-unsleeping-eye-xviic-icon-x159/,shop,Available to order,"Christ ""the Unsleeping Eye""",17th c.,Legacy Icons
OS-2524,icons/permission/legacy-icons/OS-2524-creation-of-adam-icon.jpg,Permission:legacy-icons,,https://legacyicons.com/creation-of-adam-grygorenko-icon-x186/,shop,Available to order,Creation Of Adam,,Grygorenko
OS-0000,icons/permission/legacy-icons/OS-0000-christ-calling-peter-and-andrew-icon.jpg,Permission:legacy-icons,,https://legacyicons.com/christ-calling-peter-and-andrew-icon-f146/,shop,Available to order,Christ Calling Peter and Andrew,,Legacy Icons
OS-0000,icons/permission/legacy-icons/OS-0000-christ-greeting-mary-magdalene-icon.jpg,Permission:legacy-icons,,https://legacyicons.com/christ-greeting-mary-magdalene-icon-f113/,shop,Available to order,Christ Greeting Mary Magdalene,,Legacy Icons
OS-1984,icons/permission/legacy-icons/OS-1984-holy-trinity-hospitality-of-abraham-icon.jpg,Permission:legacy-icons,,https://legacyicons.com/holy-trinity-hospitality-of-abraham-clark-icon-f388/,shop,Available to order,Holy Trinity - Hospitality of Abraham,,Clark
OS-0005,icons/permission/legacy-icons/OS-0005-the-vision-of-john-on-patmos-icon.jpg,Permission:legacy-icons,,https://legacyicons.com/the-vision-of-john-on-patmos-icon-f344/,shop,Available to order,The Vision of John on Patmos,,Legacy Icons
OS-0009,icons/permission/legacy-icons/OS-0009-martyrdom-of-stephen-icon.jpg,Permission:legacy-icons,,https://legacyicons.com/martyrdom-of-stephen-athos-icon-f237/,shop,Available to order,Martyrdom of Stephen (Athos),,Legacy Icons
OS-0059,icons/permission/legacy-icons/OS-0059-christ-and-saint-menas-icon.jpg,Permission:legacy-icons,,https://legacyicons.com/christ-and-saint-menas-icon-f214/,shop,Available to order,Christ and Saint Menas,,Legacy Icons
OS-0268,icons/permission/legacy-icons/OS-0268-saint-cassiani-icon.jpg,Permission:legacy-icons,,https://legacyicons.com/saint-cassiani-fiorenzo-icon-s692/,shop,Available to order,Saint Cassiani,,Fiorenzo
OS-2377,icons/permission/legacy-icons/OS-2377-three-holy-youths-icon.jpg,Permission:legacy-icons,,https://legacyicons.com/three-holy-youths-slivnichki-icon-f313/,shop,Available to order,Three Holy Youths (Slivnichki),,Legacy Icons
OS-1929,icons/permission/legacy-icons/OS-1929-vision-of-saint-romanos-icon.jpg,Permission:legacy-icons,,https://legacyicons.com/vision-of-saint-romanos-xic-icon-f353/,shop,Available to order,Vision of Saint Romanos,11th c.,Legacy Icons
OS-1639,icons/permission/legacy-icons/OS-1639-seven-sleepers-of-ephesus-icon.jpg,Permission:legacy-icons,,https://legacyicons.com/seven-sleepers-of-ephesus-icon-f176/,shop,Available to order,Seven Sleepers of Ephesus,,Legacy Icons
OS-1984,icons/permission/legacy-icons/OS-1984-bosom-of-abraham-icon.jpg,Permission:legacy-icons,,https://legacyicons.com/bosom-of-abraham-decani-icon-f385/,shop,Available to order,Bosom of Abraham (Decani),,Legacy Icons
OS-0013,icons/permission/legacy-icons/OS-0013-saint-demetius-icon.jpg,Permission:legacy-icons,,https://legacyicons.com/saint-demetius-xivc-icon-s158/,shop,Available to order,Saint Demetius,14th c.,Legacy Icons
OS-1639,icons/permission/legacy-icons/OS-1639-the-seven-holy-sleepers-of-ephesus-icon.jpg,Permission:legacy-icons,,https://legacyicons.com/the-seven-holy-sleepers-of-ephesus-whirledge-icon-f416/,shop,Available to order,The Seven Holy Sleepers of Ephesus,,Whirledge
OS-0000,icons/permission/legacy-icons/OS-0000-christ-blessing-the-children-icon.jpg,Permission:legacy-icons,,https://legacyicons.com/christ-blessing-the-children-clark-icon-f192/,shop,Available to order,Christ Blessing the Children,,Clark
OS-0000,icons/permission/legacy-icons/OS-0000-wedding-at-cana-icon.jpg,Permission:legacy-icons,,https://legacyicons.com/wedding-at-cana-icon-f188/,shop,Available to order,Wedding at Cana,,Legacy Icons
OS-0000,icons/permission/legacy-icons/OS-0000-calming-of-the-sea-icon.jpg,Permission:legacy-icons,,https://legacyicons.com/calming-of-the-sea-athos-icon-f239/,shop,Available to order,Calming of the Sea (Athos),,Legacy Icons
OS-0000,icons/permission/legacy-icons/OS-0000-temptation-of-christ-icon.jpg,Permission:legacy-icons,,https://legacyicons.com/temptation-of-christ-athos-icon-f233/,shop,Available to order,Temptation of Christ (Athos),,Legacy Icons
OS-0000,icons/permission/legacy-icons/OS-0000-the-supper-at-emmaus-icon.jpg,Permission:legacy-icons,,https://legacyicons.com/the-supper-at-emmaus-athos-icon-f240/,shop,Available to order,The Supper at Emmaus (Athos),,Legacy Icons
OS-0000,icons/permission/legacy-icons/OS-0000-christ-the-sower-icon.jpg,Permission:legacy-icons,,https://legacyicons.com/christ-the-sower-catacombs-icon-x144/,shop,Available to order,"Christ ""the Sower"" (Catacombs)",,Legacy Icons
OS-0000,icons/permission/legacy-icons/OS-0000-christ-blessed-silence-icon.jpg,Permission:legacy-icons,,https://legacyicons.com/christ-blessed-silence-icon-x100/,shop,Available to order,"Christ ""Blessed Silence""",,Legacy Icons
OS-0000,icons/permission/legacy-icons/OS-0000-the-great-commission-icon.jpg,Permission:legacy-icons,,https://legacyicons.com/the-great-commission-athos-icon-f297/,shop,Available to order,The Great Commission (Athos),,Legacy Icons
OS-0000,icons/permission/legacy-icons/OS-0000-christ-holy-face-icon.jpg,Permission:legacy-icons,,https://legacyicons.com/christ-holy-face-mandylion-icon-x149/,shop,Available to order,"Christ ""Holy Face"" (Mandylion)",,Legacy Icons
OS-0057,icons/permission/legacy-icons/OS-0057-moses-and-the-burning-bush-icon.jpg,Permission:legacy-icons,,https://legacyicons.com/moses-and-the-burning-bush-sinai-icon-f320/,shop,Available to order,Moses and the Burning Bush (Sinai),,Legacy Icons
OS-0001,icons/permission/legacy-icons/OS-0001-tree-of-jesse-icon.jpg,Permission:legacy-icons,,https://legacyicons.com/tree-of-jesse-sinai-icon-f319/,shop,Available to order,Tree of Jesse (Sinai),,Legacy Icons
OS-0001,icons/permission/legacy-icons/OS-0001-virgin-enthroned-icon.jpg,Permission:legacy-icons,,https://legacyicons.com/virgin-enthroned-ethiopian-icon-t195/,shop,Available to order,Virgin Enthroned (Ethiopian),,Legacy Icons
OS-0001,icons/permission/legacy-icons/OS-0001-kursk-root-icon.jpg,Permission:legacy-icons,,https://legacyicons.com/kursk-root-xxic-icon-t207/,shop,Available to order,Kursk Root,21st c.,Legacy Icons
OS-1984,icons/permission/legacy-icons/OS-1984-hospitality-of-abraham-icon.jpg,Permission:legacy-icons,,https://legacyicons.com/hospitality-of-abraham-fiorenzo-icon-f400/,shop,Available to order,Hospitality of Abraham,,Fiorenzo
